position,id,title,description,publishedAt,defaultLanguage,country,viewCount,subscriberCount,videoCount,thumbnail,keywords,topicDetails
1,UCoTkwgOzutTbf-9_WPaPB5Q,"C# PRÁTICO - Maurício Pires","Aprenda C# de forma prática, rápida e tudo em Português. Comente com assuntos de seu interesse para novos vídeos. Dê uma força se inscrevendo no canal e compartilhando. ",2020-05-25T01:01:39.284256Z,,BR,121939,2090,15,https://yt3.ggpht.com/2c3b_xryQ1BB4KWZXiTsxEBsL97j99Hg06LYs5ZXZChoR9Dd9vlyI-0ikNIGVh-hYpg8Qwl31qk=s800-c-k-c0x00ffffff-no-rj,"C#|WPF|WCF|C sharp|Visual Studio|em português","Lifestyle (parent topic)|Knowledge|Technology"
2,UC0KQlqxFHaR5Lr_64Ouwarw,C#,"Public Mods: https://gamebanana.com/members/1484996 Twitter: @CSharpM7 Kofi: https://ko-fi.com/csharpm7 Alucard Site: https://csharpm7.github.io/Alucard/ ",2014-03-16T05:12:08Z,,US,712985,3200,52,https://yt3.ggpht.com/2XFydqA-wLhxC0CJutNYowUXzuMlQEpbtvvdi8JXPgIeF1Kyz-wf0-Td9LKwwiv3tQ_bYZWpmQ=s800-c-k-c0x00ffffff-no-rj,,"Action game|Gaming (parent topic)|Role-playing video game|Action-adventure game"
3,UCroxZr5Kox66aLIFcnh4W8A,C#で学ぶプログラミング入門,"■このチャンネルについて プログラミングによってソフトウェアを創る面白さを伝えたいと思い、C#プログラミングに関する内容を発信しています。 C#がメインですが、プログラミング全般で役立つような考え方について解説していければと思っています。 ブログ、Youtube、Xで情報発信をしています。 Youtubeの動画とブログの記事をあわせて作成しています。両方あわせて見てもらえると嬉しいです。 一緒に、C# 、プログラミングを勉強していきましょう！ ■自己紹介 ・名前：プロ太（ぷろた） 　博士（工学）、Microsoft MVP（Developer Technologies／.NET） ・仕事 　・大手IT企業で技術者・マネージャを経て（15年以上）、現在は個人事業（メンター・コンサル・情報発信など） 　・学生時代は学習塾の非常勤講師（約4年間） ・言語：C# 、Java、C/C++、Python、JavaScript/TypeScript等 ・IT企業時代は主にソフトウェア開発支援・生成AI応用に関する研究開発や事業導入支援 　・主な対象：Webフロントエンドをもつ業務システム 　・技術：ソフトウェアテスト自動化・デバッグ・プログラミング言語・ソフトウェア開発への生成AI応用 ・昔の趣味：3Dオンラインゲーム開発（DirectXで開発） ■その他 ブログ：https://prota-p.com/ X：https://x.com/prota_csharp GitHub：https://github.com/prota-p/ プログラミング学習のご相談等、お仕事等のご依頼は、こちら（↓）からお願いいたします。 https://prota-p.com/contact/ ",2021-12-12T01:20:43.982812Z,,JP,203828,3320,107,https://yt3.ggpht.com/Z71JU4uhxULUSNhKSypO6magVyj-6sYQtIcAMFbSeY6IlECt1yzMfSYm9a551fRWD7zDxKe8=s800-c-k-c0x00ffffff-no-rj,,"Lifestyle (parent topic)|Technology|Knowledge"
4,UCaYcxRh-_UMeUXvJnhvLSfg,"Testes Automatizados em C# - Ricardo Oliveira","E-Book Automação de Testes em C# com NUnit e Selenium WebDriver! Clique nos link abaixos para maiores informações! ",2017-04-20T19:48:26Z,,BR,44717,1320,18,https://yt3.ggpht.com/VSEIC2v4_2Rv4I38_7UmM4JwuSjn8vV3wkhjRQYzgDxBqxYc1w1IhosbM1YMYYnAaliIYlop22I=s800-c-k-c0x00ffffff-no-rj,"C#|.Net|Selenium|CSharp|Testes Automatizados|Selenium WebDriver|Visual Studio|Automação de Testes|.net Framework","Lifestyle (parent topic)|Knowledge|Technology"
5,UCqCnjtxdlG9qEgFJIUeLJNg,"tutorialsEU - C#","Welcome to TutorialsEU - C#! We are an online education platform created in 2019 to teach programming through simple but professional videos to everyone who’s interested in learning about software development. We decided to create a new channel dedicated specifically to C# tutorials. The experienced instructors of tutorialsEU provide you everything you are looking for, from short best-practices videos up to complete beginner courses. In our channel, you’ll learn C# and much more! What are you waiting for? Subscribe to our channel and start learning today 💡 ",2021-09-27T09:01:55.485404Z,,DE,2363388,31700,86,https://yt3.ggpht.com/gO6KhBXsnSmEtL-zsQvHW9_hydn4WB1eo1UvZflOlphf8MzLGOT2YyMzD6uiKQuH3fJyZbKpqg=s800-c-k-c0x00ffffff-no-rj,"C#|asp.net|asp.net core","Technology|Knowledge|Lifestyle (parent topic)"
6,UCUPbhf86PzsDY2SBaAaCAeA,"C# Programming","Welcome to C# Programming! On this channel I want to teach Programming and C#, using tutorial and unique coding project videos. I have been coding since 2019, and I want to share my passion with as many people as possible. Technology is awesome, so is programming! Business inquiries: chashtag.code@gmail.com My goal is to get 100K subscribers and inspire as many people as possible to try out coding! PC Specs: RTX 3070 Ryzen 7 7700 64gb RAM 1tb SSD Audio Setup: Shure SM7B Focusrite Scarlett Solo 4th gen ",2022-06-30T14:52:54.157253Z,en,,365838,4720,224,https://yt3.ggpht.com/GUaOyF4mfrx2B9sGVwq7Qc-btzJCz3jRvoIWrQXL83EBpW34wiqsVA14quOJOoHXjLSgFHFTTv0=s800-c-k-c0x00ffffff-no-rj,,"Lifestyle (parent topic)|Technology|Knowledge"
7,UCnbMYjZgh6fSB6BBww1Wfbw,"Head First C#","Head First C# is the fun and engaging book by Andrew Stellman and Jennifer Greene. Dive into C# and create apps, games, and more using this fun and highly visual introduction to C#, .NET Core, and Visual Studio. You'll build a fully functional game in the opening chapter. Then you’ll learn how to use classes and object-oriented programming, create 3D games in Unity, and query data with LINQ—all by solving puzzles, doing hands-on exercises, and building real- world applications. By the time you’re done, you’ll be a solid C# programmer, and you’ll have a great time along the way! “Thank you so much! Your books have helped me to launch my career.” —Ryan White, Game Developer “Andrew and Jennifer have written a concise, authoritative, and most of all, fun introduction to C# development.” —Jon Galloway, Senior Program Manager on the .NET Community Team at Microsoft Download the a free PDF of first four chapters: https://github.com/head-first-csharp/fifth-edition ",2020-11-25T13:33:28.516482Z,,US,20768,818,8,https://yt3.ggpht.com/ytc/AIdro_mWSsfzbD6qCqWhEFnsLWAPSJcf-brcHgc9-UBaIYiUHA=s800-c-k-c0x00ffffff-no-rj,,"Lifestyle (parent topic)|Knowledge|Technology"
8,UCxsWfh8LCcn55mFB6zGBT1g,"Zoran on C#","Hello everyone! My name is Zoran Horvat. I am a consultant, developer, and software architect, author at Pluralsight, Udemy, and YouTube. In this channel, you will find advice on development and architecture in .NET and C#. All opinions expressed in this channel are my own. They do not represent my employer (which I do not have anyway), nor that of any technology providers. ",2013-04-05T00:09:33Z,,RS,3091336,42200,279,https://yt3.ggpht.com/mvh9NbbDufFocyIkWX7NLxXLgkOxgjX1RjBf5hJWgoNH8vk-u4kAZMt3N-WXnav0Z8YAvNk84g=s800-c-k-c0x00ffffff-no-rj,"dotnet|c#|csharp|programming|asp.net|azure|object-oriented programming|functional programming|software architecture|software design","Technology|Knowledge|Lifestyle (parent topic)"
9,UCUb14APzNlpUcDElcCEw5OA,"The C# Academy",,2022-01-09T02:54:58.095469Z,,,475713,4820,71,https://yt3.ggpht.com/HRBuVtwdrQdNN-DlFCaaPeuBdz-s6ZKlEIRk6HU-09rYkRfgrEv8dPWQc5VbxS_EoSuSX7JTpA=s800-c-k-c0x00ffffff-no-rj,,"Lifestyle (parent topic)|Knowledge|Technology"
10,UCE2-VIC-gbk-gCX8UB1l3aA,"curso C# com SharpDevelop","Curso gratuito de desenvolvimento de sistemas utilizando a linguagem C# com SharpDevelop",2015-06-04T13:17:41Z,,BR,35049,251,30,https://yt3.ggpht.com/ytc/AIdro_nZraOl40uwXUtdu69SiAax7OjHo_ga6OKipgiYwcm7tA=s800-c-k-c0x00ffffff-no-rj,Informática|C#|CSharp|Sharp|SharpDevelop|programação|desenvolvimento|dotnet|.net|framework|tutorial|aula|curso|desktop|microsoft|windows,"Technology|Knowledge|Lifestyle (parent topic)"
11,UC6ZTl0AQZeceMCuiFNhxSkQ,"C# para iniciantes",,2018-09-02T23:15:08Z,,,196,3,8,https://yt3.ggpht.com/ytc/AIdro_lS7F3ZhonVhuV1-MtkO3mUa93Pk1gR7PYbeAOa5n_vSg=s800-c-k-c0x00ffffff-no-rj,,"Technology|Knowledge|Lifestyle (parent topic)"
12,UCYyw6DeyZDihpaU8labNX6A,"Program Ação “Programação - C#”","PROGRAM AÇÃO - Curso gratis de Programação. Este canal é voltado para ensinar programação em C# (C Sharp), apresentando um curso passo a passo sobre a linguagem. Na primeira temporada será abordado temas básicos de introdução a programação como, por exemplo, o que é uma variável, como declarar e inicializar variáveis, tipos de variáveis, estrutura de condição IF e Else em c#, estrutura de condição Switch Case c#, estrutura de repetição While e For em c# além também de vetor e matriz c#. O ambiente de desenvolvimento para acompanhar o curso de programação C# é o Microsoft Visual Stúdio. Para mandar dúvidas ou sugestões: videoaulaprogramacao@outlook.com",2016-12-05T23:00:05Z,,,2206,21,9,https://yt3.ggpht.com/ytc/AIdro_kQ6VDMrTCNFIkxGvGc9b23gzQK0AsKx3ieAXmA48124Q=s800-c-k-c0x00ffffff-no-rj,"softblue|pronatec|iniciante|free|mvc|programação|curso de programação|programação c#|c# online|visual studio|visual studio c#|mvc c#|if C#|list c#|array c#|for c#|tutorial c#|curso c#|linguagem de programação|cursos online gratis|visual studio 2015|visual studio 2013|passo a passo","Lifestyle (parent topic)|Knowledge|Technology"
13,UCDkD15y-BUKCy6G85mc2jww,"C# Design Pro","Welcome! C# Design Pro is a channel dedicated to create Graphical User Interface (GUI) design in Windows Presentation Foundation (WPF) using Visual Studio, to build Desktop Applications. I hope the channel content is helpful! Have a great day! ",2019-08-24T07:31:08Z,,IN,954501,14000,21,https://yt3.ggpht.com/ytc/AIdro_mLuxfUISkX8i1q8x4eFTfDPkDRqZBJ1t3N9m2Rzoyx7Bo=s800-c-k-c0x00ffffff-no-rj,"C# tutorials|WPF tutorials|C# UI design|XAML tutorial|WPF MVVM|MVVM design pattern|C# desktop app|WPF UI inspiration|C# projects|UI design with C#|WPF dashboard|WPF navigation|C# beginner tutorial|WPF for beginners|modern WPF UI|.NET UI design|WPF animation|XAML UI design|learn WPF|MVVM in WPF|custom controls WPF|design patterns C#|WPF app design|visual studio WPF|WPF UI components","Knowledge|Technology|Lifestyle (parent topic)"
14,UCRhtJhtE9XvtfHr6OR27HBA,"C# MUSIC RECORDS","Welcome to C# Music Records! We are a music promotion platform dedicated to showcasing rising artists and delivering fresh sounds to a global audience. Our mission is to amplify independent talent, giving artists the exposure they deserve. From EDM to experimental beats, we curate and promote music that stands out. If you're an artist looking to reach a wider audience, we’ve got you covered! ✓Submit your tracks for promotion ✓Stay tuned for the latest music drops ✓Join our community of passionate music lovers ✓For submissions & inquiries: rtbassdrop7@gmail.com Want to get featured? Reach out to us! 🌐 Follow us for updates: Instagram (@cmusicrecords). Feel free to message here😊 ",2021-08-02T07:56:08.406725Z,,IN,5123411,8300,65,https://yt3.ggpht.com/LRoMlRPnNInyn4xwzj7jPqUxd_nRf_6SwKZWAPUxgGAZUBBA-EzXFrTdqQKKqn3TU-leLZ6qCA=s800-c-k-c0x00ffffff-no-rj,,"Electronic music|Music (parent topic)|Pop music"
15,UCXB-TYdo1ELAdw5ihcfXTUQ,"C# Hands On","Channel is dedicated to Hands on programming using C#.",2012-07-28T20:12:51Z,,,42637,317,28,https://yt3.ggpht.com/TbcIyYnwXir2vDS_c0IOpYo2LWqz1LKFH7vuaT05phTxuIcG9j2HO3ixvYVUSRyWYqVZXR86KDM=s800-c-k-c0x00ffffff-no-rj,,"Lifestyle (parent topic)|Knowledge|Technology"
16,UCgttUyttfCV9TU4-ldOlIUA,"bruno C# de burro","C# é uma ""linguagem de programação"" criada pela Microsoft para fazer softwares e apps, especialmente para Windows. É como uma caixa de ferramentas que ajuda programadores a construir desde aplicativos de celular até sistemas de empresas grandes. Imagine como uma versão organizada de LEGO para criar programas – as peças já vêm prontas para encaixar. ",2023-01-25T10:40:21.733892Z,,,1939,52,14,https://yt3.ggpht.com/ktJBEguSCClfSwO5oQQokZkvKp61pxf7WjwnnogonQSPGWLEdLKjBUAcC3kiswQjnysauSK0iQ=s800-c-k-c0x00ffffff-no-rj,,"Music (parent topic)|Hip hop music"
17,UCjS2h_ivhcd2q2Zj-uRRMBw,"Curso de Introdução a Linguagem C# - IFPE Ipojuca",,2021-07-07T12:08:18.265233Z,,,42,3,11,https://yt3.ggpht.com/8MWc0mgvcgF51uFvbY1O4pOD9fwdqeEaDY1umQB72CZx1I_2vCYF9SJgFqjpU62kk760zU7q7Q=s800-c-k-c0x00ffffff-no-rj,,"Lifestyle (parent topic)|Knowledge|Technology"
18,UCtVawNW7C2t6AX1vex6a_vw,"C# WPF UI Academy","Hi , I'm a C# Programmer. In this channel, I try to share my works with you. Most of my work in this channel is related to user interface design in WPF. For more support, please introduce the channel to your friends and share your comments and suggestions with me. Thanks. ",2021-06-20T15:46:10.174942Z,,US,598750,8540,22,https://yt3.ggpht.com/8Rd0W7KgoV_y_TPuXQGrX-VbS9tuygsXB8q-crx0NsWcgmnExd2-POaSLcVBD_1V0RHAitmt=s800-c-k-c0x00ffffff-no-rj,"WPF|C#|Programming|XAML|Develop|Winform|UWP|WinUI|.Net|MVVM|WPF UI Academy|C# Tutorial|WPF UI|Dashboard Design|App UI|Design UI|WPF Learning|XAML Tutorial|Learn Programming|C# UI|C# UI Design|WPF UI|WPF Dashboard|C# Learning|WPF C# UI|WPF Login|C# Signup|WPF UI Tutorial|Flat Design|Net Core UI|Net MAUI|C# Flat UI|WPF UI Design|WPF Core|Dot Net 6|Modern App UI Design|Desktop App UI|Beautiful Flat App|XAML Dashboard UI|WPF Modern Deisgn","Knowledge|Technology|Lifestyle (parent topic)"
19,UC1FtnPqTZ6264zo7PgHpHJA,"SeCharpe C#","Este canal tem como objetivo ensinar e mostrar os conteúdos aprendidos em sala de aula sobre a lógica de programação C#, no Instituto Federal do Paraná, Campus Assis Chateaubriand.",2017-04-12T00:59:45Z,,,9607,106,13,https://yt3.ggpht.com/ytc/AIdro_kWVnEqNXhP5NVWSYsO8_b8aQ7apmhYffzBisenMU4Wqw=s800-c-k-c0x00ffffff-no-rj,,"Lifestyle (parent topic)|Knowledge|Technology"
20,UC1iAXH-fVLwvAfB21O1oSlQ,"C# Simplificado","Estudando C# de forma simples!",2017-04-25T03:25:56Z,,,1636,79,6,https://yt3.ggpht.com/ytc/AIdro_kKrviYixLVjc9sniX5Q6wtDCrRKlRHyvc6W1MxQMB97g=s800-c-k-c0x00ffffff-no-rj,csharp|simplificado|primordium,"Technology|Knowledge|Lifestyle (parent topic)"
21,UCxGcCfSjNHfIgIsTRzdn1Mg,"C# Free code","Motivando a pratica de desenvolvimento em c#, usando a plataforma .NET Trocando experiências, abordando assunto sobre novas tecnologias. ",2020-12-15T00:41:29.116978Z,,BR,1162,6,3,https://yt3.ggpht.com/x11b22foCQwyl7kN2VcOrYngctZDV9FfT0PkXO11Llxr3QJoi0XDGyuVgipEJZrhOCfhKCsb=s800-c-k-c0x00ffffff-no-rj,"C#|c++|IA|NFE|.NET|Programa|Programador|DEV|Criar|Biblioteca|linguagem de programação|Machine learn","Lifestyle (parent topic)|Technology|Knowledge"
22,UCoRSxFE1QTwZhoHRzus-PUg,"C# direto ao ponto","Bem-vindo ao canal C# Direto ao Ponto! 🚀 Aprenda a dominar o desenvolvimento moderno com foco total em C# e .NET. Cobrimos desde a Lógica de Programação e os fundamentos da Orientação a Objetos (POO) até a implementação de Padrões de Projeto (Design Patterns) essenciais (Factory, Strategy, Observer, etc.). Seja você um iniciante querendo entender classes e herança, ou um desenvolvedor sênior buscando aprimorar suas arquiteturas, este é o seu lugar. O que você encontra aqui: Tutoriais práticos de C# e .NET Core. Deep Dives em recursos avançados da linguagem. Melhores práticas para código limpo e manutenível. Exemplos de aplicação de Padrões de Projeto no mundo real. Inscreva-se e eleve sua carreira de desenvolvedor C#! 💻 ",2024-03-17T16:22:31.567586Z,,BR,1531,14,23,https://yt3.ggpht.com/ZUBVIYzkYXAZGE7lD5GoMLLB65CkZ8pWMuOADTgj-9V8nHMVAtzcD0nUurqOVQWC-i-X_oMtNI8=s800-c-k-c0x00ffffff-no-rj,"c#|.net|poo|herança|interfaces|refactoring|programação c#|programação orientada a objetos|design patterns|padrões de projeto|lógica de programação|classes e objetos|factory pattern|strategy pattern|observer pattern|state pattern|.net core|c# avançado|código limpo|boas práticas c#|tutorial c#|curso c# grátis|aprender c#|desenvolvedor c#|carreira programação|como programar em c#|dominar poo c#|c# para iniciantes","Lifestyle (parent topic)|Knowledge|Technology"
23,UC69-12knIajZOAq2TqAEpVg,"Dicas C#",,2024-07-28T04:34:41.485716Z,,BR,826,0,1,https://yt3.ggpht.com/Tm8_bqZiAKyzmLmbxqoY783oKfNTsIbChCjWAe3baVkIvnGoq3ewx6czc47DRQYJ3aOJ9QXqhA=s800-c-k-c0x00ffffff-no-rj,,
24,UCQ1kZ0IoMJa9P_qhMxEdRqA,"POO com C# na UTFPR de Medianeira","Olá! Eu sou Everton Coimbra de Araújo e este canal possui playlists que foram utilizadas na disciplina de Progração Orientada à Objetos com os acadêmicos do câmpus Medianeira da Universidade Tecnológica Federal do Paraná. A partir da Playlist 07, o conteúdo fica para uso comum de qualquer visitante. Isso não invalida que qualquer visitante possa ver os demais vídeos, apenas reforçar que foram feitos especificamente para aquele público. Espero que você goste do conteúdo e que possa me auxiliar na divulgação. Curta, recomende e compartilhe. Fique à vontade em deixar comentários e se precisar entrar em contato direto comigo, meu email é evertoncoimbra@gmail.com. ",2021-05-01T13:42:27.843412Z,,BR,5137,206,35,https://yt3.ggpht.com/G7saNv2Sfm7w_SnYhsRJM-NsKxr6PRoSTqJOQEIBeBXkfBOyU3L2u_oYZbp77Gq8t3L1dvronA=s800-c-k-c0x00ffffff-no-rj,"c#|poo|oo|orientação à objetos","Lifestyle (parent topic)|Knowledge|Technology"
25,UC6yZi3JGVsJGHCfhkOl36rw,"C# With Madhuri Chintan Barchha",,2024-06-27T05:28:25.101146Z,,,2599,52,25,https://yt3.ggpht.com/ytc/AIdro_ko1bohorF43L7N2__iJfOUyGv9D49vh-by5RaRd0cxtbmO0Gkh_JsO8dPHhC3VE0oMug=s800-c-k-c0x00ffffff-no-rj,,"Technology|Knowledge|Lifestyle (parent topic)"
26,UCBdew5A0vLL63E-GhkOCh3A,"C# Simplified","Welcome to C# Simplified , a beginner-friendly coding channel created by Saatwik Patni 🎓.Here, I break down C# programming into simple, easy-to-follow videos that anyone can understand — whether you’re learning to code for the first time or revising your basics. 💡 You’ll find: – Step-by-step tutorials on C# fundamentals – Fun and practical mini-projects (like calculators, games, and tools) – Clear code explanations and real output examples – A positive, easygoing learning experience 🧠 🚀 My goal is to make learning to code simple, enjoyable, and creative. Subscribe and start your coding journey today with C# Simplified! 🎥 New videos every week! ",2025-07-12T08:37:38.243268Z,,IN,2832,7,15,https://yt3.ggpht.com/gMitnHD6yviWaUR7k0a720xS9I7zi1x_-oQpklPzoXpOyHaOlb4YyvdL3Avit4GPhHChBLUeLQ=s800-c-k-c0x00ffffff-no-rj,,"Lifestyle (parent topic)|Knowledge|Technology"
27,UCslxjjdakrR6QYSbIZKkMCQ,"Everything C#","Long-time software developer with extensive experience of C# and .NET. Use the GitHub link below to get the source code for all the channel content.",2015-03-20T23:44:31Z,,AU,336550,2330,33,https://yt3.ggpht.com/8q255UPpLVb371tj73bUvdApmnH9LQ9fQcyOT0mGIWsY0memCxwuoEdDSal1aO61bd5uKrUxZnc=s800-c-k-c0x00ffffff-no-rj,".NET|DotNet|LINQ|C#|C# Answers|.NET Core|.NET Framework|DotNet Core|Phil Wright|Visual Studio|VS Code|C# Professional","Technology|Knowledge|Lifestyle (parent topic)"
28,UCutG7REaNX-CWrPYIHnNwKg,"C# Artan Academy","Welcome to Artan Academy channel You will find many C# tutorials here. My goal is to teach you how to create amazing things in Windows Forms and be creative. So if you want to improve your C# programming skills, subscribe and join us. I hope you learn and enjoy our C# tutorials. At Artan Academy, we teach the following: Modern designs of forms in C#, building functional controls in C#, building small and large projects in C#, building databases in C#, how to communicate with databases in C# and... ",2021-08-18T07:42:00.096642Z,en,AT,332333,2890,101,https://yt3.ggpht.com/xW390UPI13TTJRKMot-N6N1zXTg34zfzRTQ_uNycU_Iq5aucA865oGXM1uLafBnIxL5gwl1rcnI=s800-c-k-c0x00ffffff-no-rj,"C#|c# tutoial|C# graphics tutorial|how to create windows forms in C#|windows form application|C# tutorial for beginners|C sharp|C# UI|C# design|what is windows form in C#|winforms modern ui|visual studio|C# programming|learn C#|C# Application|C# windows form|C# project|C# database","Lifestyle (parent topic)|Technology|Knowledge"
29,UCCUn6pClNa8NpoW8rf1pYew,"C# Exercises",,2021-11-04T09:47:58.755746Z,,US,652774,2400,105,https://yt3.ggpht.com/f7G6LXyrCRfca-U4BVOZHrGGijQJBvH0SNXllTZ1-jyHeUQdkD5uWd2RfVzD4X1Wp1Yb7p8=s800-c-k-c0x00ffffff-no-rj,"c#|winform|c# exercise|visual studio|windows form application","Lifestyle (parent topic)|Knowledge|Technology"
30,UCNAo9loihboSf3AnRF-KTjA,"C# Tokyo",,2020-04-03T15:03:24.276683Z,,JP,7701,157,19,https://yt3.ggpht.com/ytc/AIdro_lXimvVywx1rehTlWbRPP0IWsUATayY6Rf_nkio0pC00w=s800-c-k-c0x00ffffff-no-rj,,"Knowledge|Technology|Lifestyle (parent topic)"
31,UCQMCwu1KpAWX4Wqh9lGJMSQ,"C# Genius","Assalam o Alaikom 🌟 Join the Journey of Innovation and Growth! 🌟 Welcome to the fascinating world of ABMTechnologies, where creativity and knowledge converge to unlock the boundless possibilities of web and desktop application development. Prepare to embark on an exhilarating adventure filled with cutting-edge techniques, awe-inspiring designs, and mind-blowing functionality that will leave you craving for more! 🚀 Elevate Your Skills with Awesome Modern UI Designs Are you a developer yearning to take your expertise to new heights? Look no further! Our channel is your gateway to unlocking the secrets of building advanced web and desktop applications. you'll master the art of code optimization, unleash modern and interactive UI designs that mesmerize, and discover the hidden potential within every line of code. Together, let's create a future where technology knows no limits! #finders #thefinders #webdevelopment #desktopapplications #coding #UI#csharp#abmtechnologies #C#genius ",2016-10-25T09:54:05Z,en,US,343537,2900,43,https://yt3.ggpht.com/eWVhz3KpQ7DYZQ4OO89FoSJjyoSKaODxjxWzUmIwSpip_l2FUlVb0MnqKXXQPoEDMZNgGUE_dA=s800-c-k-c0x00ffffff-no-rj,"Pos|C#|C#tutotrials|Pakistan|Pakistan|Html|Css|C++|Python|F#|Css3|Programming|Android|Android|Iphone|Os|Finders|The Finders|Windows form applications|C# pos|High tech system in c#|Technical videos|Tech zo|Tech Zo|C#high tech system|Point of sale|Point of sale system|Modern UI|Modern UI designs|C#UI designs|C# modern pos system|Java script|J react|J angular|Html 5|Operating systems","Lifestyle (parent topic)|Technology|Knowledge"
32,UCf3e6MaG_Xz6iaEhHe0jk3Q,"C# Tutoriais","Neste canal, você poderá encontrar de tudo sobre C# desde Console ate WEB API. Temos também vídeo aulas de Banco de Dados MSSQL SERVER 2014 entre outros",2015-10-30T20:37:29Z,,BR,0,32,0,https://yt3.ggpht.com/ytc/AIdro_nZL21jJwCScivtcPFaivzXOde26KFv-83IW-yUN_6fxO0=s800-c-k-c0x00ffffff-no-rj,CSHARP|TUTORIAIS|MSSQL|SQL|SERVER|BANCO|DE|DADOS,
33,UCTN2fMtC9VV0OGVvjMfFqNQ,"Agent C#","قناه لمساعده اولاد صفي لتعلم لغه سي شارب .",2020-12-10T19:05:15.441068Z,,IL,11203,189,21,https://yt3.ggpht.com/1tN-91h90ybGju6HIeVvMNPAfzuprNySvIeK-g40-lGLrA1x3Bzvqk8qFT6boRN_f57TFqdY=s800-c-k-c0x00ffffff-no-rj,"C#|Coding|Learn to Code|Solving coding Problems|C# Algorithims|Coding Exam|C# Arabic","Technology|Knowledge|Lifestyle (parent topic)"
34,UCS_jgLWuZOpyaqXlNH2ODHA,"C# Programming with Fares","This channel is dedicated to publishing of everything related to the C# programming language. From beginner to intermediate to advanced topics, this channel will try to cover every single aspect of the world of .NET C# in Arabic. ",2024-05-05T12:20:52.471164Z,en,,7800,438,60,https://yt3.ggpht.com/uIGCthG84HpQ8TRYsW2giF4GsRlX2YPUR3E2uvDzJ-fCU5oob8-hS5FmXhnX7Ur5lyo5tOkBPg=s800-c-k-c0x00ffffff-no-rj,,"Technology|Knowledge|Lifestyle (parent topic)"
35,UCkqg_rmNfPJppQLxx90UDBA,"Felipe C#","Canal focado em trazer conteúdos sobre a linguagem de programação C#.",2016-04-20T01:35:51Z,,,348,10,4,https://yt3.ggpht.com/ytc/AIdro_lTolwZzc6SF8PYEPZ_CokWxbVJuO_3BPUnWTK9tiTFgw=s800-c-k-c0x00ffffff-no-rj,,"Knowledge|Technology|Lifestyle (parent topic)"
36,UCon0D9uphgcrcX3MGAI4dfw,"c# Devolper","C# Devolper",2018-04-15T16:11:12Z,,,215,4,5,https://yt3.ggpht.com/ytc/AIdro_lZe8yXI89FD5h8sEgXejqVktmojW_6vbD9wvBwIVs=s800-c-k-c0x00ffffff-no-rj,,"Lifestyle (parent topic)|Technology|Knowledge"
37,UCMTD4dfLZb8nhMOsVwGvHJw,"C# Code Academy","Why did I create this channel (C# Code Academy) -Build an online C# .Net Community -Share what I've learned -Grow Together -Happy Coding ",2013-06-23T15:59:19Z,,US,1045542,7240,34,https://yt3.ggpht.com/FWpZ08bF4XrEYBRAdKqgYGlJUqa5JX3Z1PwoYJtCB8WgDbMWegqRvPiK7_TbIDe69zxDdc4ltw=s800-c-k-c0x00ffffff-no-rj,"C#|.Net|C# Code Academy|C# Academy|C# Tutorials|C# Code|Ali Haider C# Code Academy|Ali Haider C#|Ali Haider Academy|C# windows Form|C# WPF|C# winform|Visual Studio|OOP CORE CONCEPTS|C# UI Academy|Fox Learn|C# WPF|Programming Knowledge|OOP CORE CONCEPTS","Lifestyle (parent topic)|Technology|Knowledge"
38,UClmT_VztthYxP4MaD2fpHLw,"AI in C# (Rasmus Wulff Jensen)","Making videos about AI in C# ",2007-07-04T19:15:51Z,,DK,166287,1780,183,https://yt3.ggpht.com/h9JFVKkIrvA3nU36XROb4BqSJYzGEPNilTw_OiOwkA5YKlU-1QO20fMfhUmycdaw9uk6g5aGtBg=s800-c-k-c0x00ffffff-no-rj,"ai|microsoft|agent|framework|AiAgent|microsoft agent framework","Knowledge|Technology|Lifestyle (parent topic)"
39,UC7eUHVTtfKyb1RwYM4NOVzA," C# програмиране със Зако","Здравейте приятели! В този канал имам за цел да качвам различни видеа свързани с програмирането на C#. В началото ще качвам видеа, свързани с по-основните части на езика и програмирането с него, както и изясняването на някои основни термини от света на програмирането като цяло. След това ще се съсредоточа върху по-напреднали концепции на езика, а именно използване на C# структури от данни, работа с файлове, функционално програмиране, обектно ориентирано програмиране (ООП), работа с MS SQL и Entity Framework Core и всякакви интересни видеа свързани с езика C#, платформата .NET и всичко около тях. За контакт с мен: Email: velizar9209@gmail.com Благодаря Ви! :) ",2022-02-16T19:45:03.514199Z,,BG,27438,592,79,https://yt3.ggpht.com/v-xe3ms1rt5wzWHov-7U2AI6QiKTvLsf6sSUvi0DstctbZWe-X_ia7-gmpJskLZXjLhINWRZiBU=s800-c-k-c0x00ffffff-no-rj,,"Technology|Knowledge|Lifestyle (parent topic)"
40,UCPN4o061sxFSMqkyn689YXg,"C# Coders By H-educate","This channel is all about C# .Net programming.",2020-01-29T16:08:25.290981Z,,US,130015,2460,7,https://yt3.ggpht.com/ytc/AIdro_n0-nW_HTSHnFfvJgzWfqAsGgdLs4xxPxeGgerPIILC9Q=s800-c-k-c0x00ffffff-no-rj,"c#|code|c# projects|c# tutorial|c# projects with source code|c# project with database|c# project|c# projects|project on c#|c# project code|c# project source code|c# project for beginners|c# project ideas|c# project sample|c# mini project|c# project example|c# simple project|c# project ideas for final year|c# project tutorial|c# programming project|c# project step by step|c# tutorial|learn c#|c sharp tutorial|c# tutorial for beginners|c# projects for beginners|c# programming|c# free projects","Lifestyle (parent topic)|Technology|Knowledge"
41,UCES4rYRyxTtfFuBSqxD842A,"Canal Do C#","Ae galera esse é meu primeiro, vídeo para o canal do C#, desculpem pela voz e pela qualidade do vídeo. Nessa primeira introdução quero conversar com vocês sobre algumas ideias minhas para o canal, o porque que eu ainda não postei nenhuma vídeo aula, desde já agradeço por assistirem e conto com o Feed-Back de vocês valeu.",2015-01-17T13:47:49Z,,,323,2,2,https://yt3.ggpht.com/ytc/AIdro_lAeyiFx1c6gOeyqd59lmw-Aix0yALj1R1a3GUXmTXXsA=s800-c-k-c0x00ffffff-no-rj,Aulas|C#,
42,UCKCcOJ11ze_TuUAykx5xQlQ,"Brammor Games em C# e Unity."," Estarei compartilhando um pouco do conhecimento de programação que tenho de uma forma mais resumida possível e fácil de ser compreendida .",2020-06-01T03:16:51.569652Z,,,622,16,16,https://yt3.ggpht.com/FTCAH0WeU20DLvBhSOMjFhExgd5aE2D8sa9IHOScDJV8D0YNkCWl4Xa7mRLFjTDUWE6UCPL9=s800-c-k-c0x00ffffff-no-rj,,"Lifestyle (parent topic)|Gaming (parent topic)|Knowledge|Technology"
43,UCPSuBd7mRY7dHmVAsH8T67w,"C# MODERN DESIGN","Welcome to the ""C# MODERN DESIGN"" By Muhammad Ahmar, In this Channel, You'll learn Modern Ui Designing tips, tricks, and Much More... Stay Tuned. :) SUBSCRIBE to this channel for more videos. :) 👩‍💻 I Offer Software Development Gigs My Shop: https://mahmar.gumroad.com Fiverr: https://www.fiverr.com/muhammadahmar61 Contact: Facebook: https://www.facebook.com/CsharpModernDesign ",2020-04-12T08:00:32.001876Z,,PK,594981,3990,87,https://yt3.ggpht.com/ytc/AIdro_ne5TCpt_7BKN0z8eHwIlovZstu-D4CYnuERBLA53r5JJI=s800-c-k-c0x00ffffff-no-rj,"software|database|programming|mysql|localdb|micrososft|.net|c# tutorial|c# modern design|.net framework|winforms app|visual c#|c# interface designing|desktop app development|visual studio turtorial c#|c# demo|sql server|csharp turtorial|c# programming|learn c#|c# tutorial|c sharp tutorial|c# course|c# tutorial for beginners|c# (programming language)|c# programming tutorial for beginners|learn c# for beginners|learn c# programming|c# training|c sharp","Knowledge|Technology|Lifestyle (parent topic)"
44,UCqnzbbqcmRX5lbjuls7B1Ug,"C#, C Sharp Tutorial, From Scratch, Step By Step","C Sharp C# C Sharp Tutorial C# Tutorial C Sharp Course C# Course C Sharp Tutorial For Beginners C# Tutorial For Beginners C Sharp Step By Step C# Step By Step C Sharp From Scratch C# From Scratch C Sharp Clear And Easy C # Clear And Easy",2022-03-22T16:53:49.497966Z,,US,502,6,43,https://yt3.ggpht.com/r4IC36P5J6-w19wmK6zFeORD6BJH0Qc4cWdL0y0OvoULsV2hB62mK5clrZrUMms1WnexvGYnGA=s800-c-k-c0x00ffffff-no-rj,,"Technology|Knowledge|Lifestyle (parent topic)"
45,UCpjlMwnvfndhdK8pAqOFpPw,"UTN FRA - Programación en C#","Recorrido de las cursadas virtuales durante la pandemia 2020",2020-08-27T12:40:26.623278Z,,,11320,185,92,https://yt3.ggpht.com/ytc/AIdro_lSn1rMQl6FY5fTVhUkksparFEf3RGRjeiSABc6Rbma-w=s800-c-k-c0x00ffffff-no-rj,,"Lifestyle (parent topic)|Knowledge|Technology"
46,UCCXoaF-vLlIwI1j27jq9oOw,"Consejos C#","El objetivo de este canal es publicar videos lo más cortos posibles, donde puedas obtener consejos rápidos que te ayudarán con tu trabajo día día en el este grandioso mundo de la programación con .NET y C#",2020-06-03T17:53:12.045315Z,,MX,464121,8840,140,https://yt3.ggpht.com/ytc/AIdro_nAd0Z6Ey7Kv5Vi9K68zp9kv64FYUu1npQt3nra-lzbxg=s800-c-k-c0x00ffffff-no-rj,"C#|.NET|programación|Desarrollo|sofware|Microsoft|codificación|c#9|consejos c#|CURSO C#|c# básico|c# desde cero|aprender c#|c# desde 0|qué es .net|lenguajes de .NET|visual studio","Technology|Knowledge|Lifestyle (parent topic)"
47,UC3ylcULxH0uFRqXOpkWwwdQ,"c# tutorial","c# tutorial - learn c# tutorial for beginners and real-time project-oriented code. like login form, add, delete, edit button code. Sales bill for records bind in the database, save records in the database. Data grid view sums the total amount shown in the text box. Check product stock. Autocomplete string collections. Combo box binding records create auto-bill numbers. etc., ",2017-01-10T10:00:29Z,,,120479,318,29,https://yt3.ggpht.com/ytc/AIdro_lEwbbQJVsdfSGLDD84BLzEXHuzQ6VsILSo0Ynx6uU=s800-c-k-c0x00ffffff-no-rj,learn|C#|.net|real|time|c#|code|windows|application,"Technology|Knowledge|Lifestyle (parent topic)"
48,UCAMzEVff50AxS5LJX8xJL3w,"C# Programming",,2014-08-06T03:05:52Z,,,910,19,10,https://yt3.ggpht.com/ytc/AIdro_mlazipIMxfBSusVkZV_W1TlbGNgVvzAHhl-_oPND0Zrg=s800-c-k-c0x00ffffff-no-rj,,"Technology|Knowledge|Lifestyle (parent topic)"
49,UCf_vVYoxhw9aHV2P0RqtfJw,"C# SOFT CODE",,2018-04-07T12:02:02Z,,IN,24392,228,43,https://yt3.ggpht.com/ytc/AIdro_nviOG6Uwp43Sz2403uKzhSOviyB6rD0zvMmrY2__ZtBA=s800-c-k-c0x00ffffff-no-rj,"asp.net|html|css|C# Code|HTML Design|SQL Query|ASP.NET Code|c# tutorial|asp.net tutorial|sql server|sql server management studio|sql server query|asp.net mvc|gridview in asp.net","Knowledge|Technology|Lifestyle (parent topic)"
50,UCAxFmkukKrv_mZKY4YxLgYw,"Simple C# Code & Project ","Learning Simple Coding in C# Language ",2022-03-11T18:58:51.06903Z,,,0,17,0,https://yt3.ggpht.com/uijab9UJK1Tu9JsbhdK7oNEDveuDWdjvVdDG7jQubsIWKAetRIGjWrQAPvC-acL7MdGgPCPL=s800-c-k-c0x00ffffff-no-rj,,"Knowledge|Technology|Lifestyle (parent topic)"
51,UChopCip7_LS85GRzX1MKguw,"Learn ASP DotNet, C# and Visual Studio","This channel hosts the ""Learn ASP.NET with The Smart Method"" video courses. Originally paid courses, these are now available for free, without warranty.",2022-01-09T15:59:58.767822Z,,GB,24402,117,572,https://yt3.ggpht.com/ytc/AIdro_kPDMU8J-5OP_YtAcKVXOoReR_tew_AUnKDv_uWHEeEUrz_hb-YzHO526b6KJ0TceMuJQ=s800-c-k-c0x00ffffff-no-rj,"asp.net|c#|visual studio","Lifestyle (parent topic)|Technology|Knowledge"
52,UCrBTp6moEGhDB2KFo58ZI5g,"Ghost - C# - System & Multimedia","Programmation - Systèmes & Multimédia Bonjour et bienvenu(e) sur votre chaine dédié à la programmation, les systèmes et le multimédia. On s'intéresse ici à tout langage de programmation et spécifiquement le DotNet par C#. Je travaille beaucoup plus sur Windows que Linux. Le multimédia : Traitement vidéo, les images, les appareils (photo...), quelques logiciels ... Vos propositions sont les bienvenues. N'hésitez pas à soutenir cette chaine! ",2022-09-04T15:06:32.90777Z,,BR,67975,867,68,https://yt3.ggpht.com/mWPa-09-DFrPR_xdPXoL78L_3YVaitevvIB1YLzEAY0CZHH9dotwL1ECRu_HVPe9IJ56VkL1mw=s800-c-k-c0x00ffffff-no-rj,"netstat|netch|poo|sql|windows|ethernet|hacker|camtasia|asp.net|html|dotnet|C# & WinForms & Sql Server|C# Cours complet|C# WinForms Cours|C# Sql Server|c# لغة البرمجة|système et réseau|commande réseau|capture ecran|programmation orientée objet|système d'exploitation|espionnage informatique|montage video|montage audio|programmation web|http https|protocol internet|connecxion internet|trafic reseau|control internet|sql server|base de données|securite web","Lifestyle (parent topic)|Knowledge|Technology"
53,UC9R3lt3n_ZkRF_YL8mitFzA,"Carnegie Mellon C#","C# is Carnegie Mellon's newest co-ed music organization! We are dedicated to developing collaborative learning, support, and vocal performance opportunities and programs that contribute to the growth of a supportive learning community. C# is a place where members are encouraged to unwind from academics by challenging themselves as singers, performers, and leaders! This community is home to the C# Singers, our competitive a cappella group, and the D♭ Singers, our serious choir group. Each group is comprised of students dedicated to growing as musicians and fostering the musical community at CMU. But that's not all! Our organization is committed to bringing the joy of music to everyone, through fun non-committal opportunities such as open rehearsals and concert groups. Find out more on our website, Facebook, Twitter, and Instagram!",2014-05-31T20:25:10Z,,US,33507,193,161,https://yt3.ggpht.com/ytc/AIdro_mzdZgP_YfBrJKKjdrc7TXLMsM2-TSMvIbrXnhJHLLWWw=s800-c-k-c0x00ffffff-no-rj,,"Christian music|Independent music|Music (parent topic)|Pop music|Classical music"
54,UCWbSi-4AMD1j4MlcG-_uZ2Q,C#,,2020-04-26T17:03:57.438404Z,,,786,9,12,https://yt3.ggpht.com/ytc/AIdro_muSf6hxmDyBikBFRJtLMWVXzbojzxpvDK46W4HFY11dw=s800-c-k-c0x00ffffff-no-rj,,"Lifestyle (parent topic)|Technology|Knowledge"
55,UCdKTSganRopZOKXpbNQu-NA,"Aulas C#",,2015-09-13T21:56:49Z,,,80,0,1,https://yt3.ggpht.com/ytc/AIdro_n0MyAVRX3_aD6v1iR-vadCkLJnWI8FJfNfcdm044COdg=s800-c-k-c0x00ffffff-no-rj,,
56,UCivQRRN7GPy0rqoRiobx9Sw,"Learn C# With Visual Studio Community","C# and Visual Studio are two easily marketed skills. Reasons To Join Today: 1) This is by far the most comprehensive C# course you'll find here, or anywhere else. 2) I teach in a very detailed and deliberate way. Be sure this style of learning agrees with you. 3) This course uses a feature of Visual Studio called ""step into"". This unique way of teaching ensures that you truly understand the code. This means you'll enjoy the experience of learning much more, and each minute of content watched translates into much greater comprehension. Why learn this way? Because you'll see what it means to truly understand, and that is something very rare and precious. 4) This course focuses on the language, and not the graphical aspects of windows programming. 5) Each lecture gives you an HD video and many lessons also have programming assignments. So far, there are 55 solutions, so in all you get 151 videos.",2015-02-22T19:44:51Z,,,4961,53,39,https://yt3.ggpht.com/ytc/AIdro_nLRRNln0NlYP1vozx5_BbvYzRejE3Ys2GNcrCeiopeyw=s800-c-k-c0x00ffffff-no-rj,"c#|microsoft c#|visual studio|visual studio community|programming c#","Lifestyle (parent topic)|Knowledge|Technology"
57,UColH0X1ywfL44ouSLuaGyCg,"Learn C#","Learn C# . C# Tutorial. C# for beginners. Start learning C# from basic. ",2014-07-08T01:00:29Z,,,83843,1050,30,https://yt3.ggpht.com/ytc/AIdro_kRf5pu80WSnUOH1qOSZVnX2stHEc1PtVkZjbt6SMaIFw=s800-c-k-c0x00ffffff-no-rj,Learn|C#.|C#|Tutorial,"Technology|Knowledge|Lifestyle (parent topic)"
58,UC6ucrtfvr0dWMk_U41NpWWA,"C# Code Park","""C# Code Park"" Welcome to C# Code Park, your ultimate destination for beginner-friendly C# tutorials! Our videos focus on practical examples and concise tutorials to help you master C# programming on Ubuntu. Explore console applications designed to enhance your foundational skills and learn step-by-step coding techniques in just 3–5 minutes per video. Future content may include windowed application examples using frameworks like Avalonia to broaden your development expertise. Join us to code, learn, and grow—whether you're a complete beginner or revisiting the basics!",2024-12-30T12:03:35.010458Z,,TR,1389,13,108,https://yt3.ggpht.com/ytc/AIdro_mIwmOWixO3beIzPS1KrkOcL7bCtFf4JjSrxK3XBh3w8AGlMUaGWuQGy0UKisQHftHW9Q=s800-c-k-c0x00ffffff-no-rj,"C#|C# programming|C# tutorials|Learn C#|Beginner coding|Console apps|Ubuntu programming|Visual Studio Code|VS Code tutorials|Software development","Technology|Knowledge|Lifestyle (parent topic)"
59,UCHTSKjRwudWvlX19hAXXv0Q,"C# Pioneers",,2023-10-29T09:05:44.594208Z,,,325,6,18,https://yt3.ggpht.com/FeppTe403bFnbXau2xDcr6Dy6pKfKe4EKXnsA_WtTUwRghmuVtECAu4B04mFhriDr0WymcFIPfU=s800-c-k-c0x00ffffff-no-rj,,Knowledge
60,UCIaMrrt7EDrN2Eigskc57CA,"C# programming","Learn C# Easy Way!",2016-12-26T09:19:27Z,,,99,1,2,https://yt3.ggpht.com/ytc/AIdro_m1DSRZ4oVqv8yJUoI0KJM30SQ15ElhDauXFVnKsg=s800-c-k-c0x00ffffff-no-rj,,"Technology|Knowledge|Lifestyle (parent topic)"
61,UCb2xTKIxtRpRCpylKs0W9WQ,"C# EZ","All about C# Programming. Let's learn together!",2025-08-31T14:10:19.220633Z,,PH,1796,3,11,https://yt3.ggpht.com/Z3-wkOi4v0Zuo50abDzCL6_UyhjC4evcQJTykx9FycFH-RW-eby9ELHOyNHf2ZQlqSYX0ZV1HKw=s800-c-k-c0x00ffffff-no-rj,"programming|tutorial|ez|c# ez|csharp ez|c# easy|csharp easy|c# programming|csharp programming|c# programming tutorial|csharp programming tutorial|programming tutorial|c# programming tutorial|csharp programming tutorial|easy tutorial|ez tutorial|c# ez tutorial|c# ez tutorials|csharp ez tutorial|csharp ez tutorials|ez tutorials","Technology|Knowledge|Lifestyle (parent topic)"
62,UCaa07xy1w7b_dlRXJnNZMNQ,"Microsoft Visual C# and Visual Studio","This is some of my work, during my study years.",2016-09-04T16:54:19Z,,GB,5532,17,12,https://yt3.ggpht.com/ytc/AIdro_ms9mL5KlGBcXh-QENKbLvWEINiA3YOfajiUyjDLr3Ckg=s800-c-k-c0x00ffffff-no-rj,Microsoft|Visual|C#|and|Studio,"Lifestyle (parent topic)|Knowledge|Technology"
63,UCNMH_QrySHMqfasXAsr2c1g,"C# Tuga","Tutoriais de C# variados!",2020-05-29T23:17:30.485774Z,,PT,260,4,1,https://yt3.ggpht.com/ytc/AIdro_nqTczozj0WQ4aTjJXdcdmnBrxljdu5uv5AFr7RsqGfNQ=s800-c-k-c0x00ffffff-no-rj,,
64,UCfErM5Jzr8ObZlBifvCsSbA,"C# Piano","Ola! Neste canal posto músicas de diversos gêneros e compositores, se puder, peço que se inscreva e deixe seu like, para que o canal possa atingir mais pessoas e divulgar a arte da musica.",2021-01-31T02:54:00.281779Z,,BR,5807,120,24,https://yt3.ggpht.com/QdfB6fdo7C_jnelt8A8McdCO69tN9RvMnpJaTDtqE4-pgG_4LClQzvI91zEMXqU7K-j8gmZS3DA=s800-c-k-c0x00ffffff-no-rj,"piano|chopin|tutorial|visualizer|musica|baroque|romantic|romantico|etude|notes|notas|c#|piano tutorial|see music|musica clássica","Music (parent topic)|Classical music"
65,UCe4qbqsryJQrWg0LehUNFug,"C# Tutorials",,2014-05-24T21:10:24Z,,,506,9,21,https://yt3.ggpht.com/ytc/AIdro_nQAmzb0N1wQBEFrzxcwBKMU4qWJ5bX217n7ugLXBo=s800-c-k-c0x00ffffff-no-rj,,"Lifestyle (parent topic)|Knowledge|Technology"
66,UCRds-n_UKke0mLxcwZBvLDw,"C# Programming",,2014-01-23T11:32:30Z,,,139494,504,4,https://yt3.ggpht.com/ytc/AIdro_kVj--I06aFm7UKkiv4hYuog-2Pnkpju9bkWCpv7fse-A=s800-c-k-c0x00ffffff-no-rj,"coding|hobby|C# programming","Knowledge|Technology|Lifestyle (parent topic)"
67,UCFUmMRkiiKut_QxEHUSsGuQ,"C# A to Z",,2021-09-20T06:50:09.075204Z,,IN,215,1,8,https://yt3.ggpht.com/Tphi_rUnYWX2VStbrbIFP5h3hQnZAcn1UItiEaTzAiT0ep4PP8i5erXVI9M7J5HGIYfY_d6OY_U=s800-c-k-c0x00ffffff-no-rj,,"Lifestyle (parent topic)|Knowledge|Technology"
68,UCaTGMO8WOoe-4m6ZQFO0C6g,"C# Tutorials",,2015-03-11T15:11:42Z,,,20504,214,24,https://yt3.ggpht.com/ytc/AIdro_k9V3lMo9jN5tEiB6a2erC-e7kA2CY9EbaltwWScFsHLQ=s800-c-k-c0x00ffffff-no-rj,"How to C#|How to program in C#|C# programming tutorial|C# Beginners Tutorials|C# Programming|C sharp Programming|C# Tutorial Video|C# Programming Guide|C# Tutorial|C# Programming Examples","Technology|Knowledge|Lifestyle (parent topic)"
69,UCpVgCJxSbtFRIFFbeUfFlxw,"Lars' C# WorkShop","This channel is about C#.NET. I have been a .Net developer since it was in beta. I am putting videos up to help out other C# developers that are learning. I have literally touched just about every topic in .NET Beginners will learn to be a proficient and effective C# developers. Intermediate developers will learn things about Visual Studio and C# that they wished they knew 5 years ago. Senior Developers will learn how to build frameworks and complete projects faster enabling them to move on to the role of product owner or solution architect. All application will be written using the MS Tech Stack So if you are ready to talk the talk and walk the walk with someone who has been in this industry for 48 years, then grab a video and let's get started! ",2024-01-30T00:32:00.808405Z,,US,313,12,22,https://yt3.ggpht.com/egC00gWBBvZJpa2aOuGvELT1tgAyqw84JNUBRkVFf5l6TYYn3tEA4upfXEBeJKXSctbFy0J-Bw=s800-c-k-c0x00ffffff-no-rj,"c#|Blazor|.NET|JWT|Async|Learning|Muli-threading|JSON Web Token|#larsCsharpWorkshop #thurmanDesignCompany #VisualStudio #CSharp #DotNet","Technology|Knowledge|Lifestyle (parent topic)"
70,UC4bhTFTk4ouavMpFUsivtAA,"C# Demos",,2011-04-09T14:59:11Z,,,0,5040,0,https://yt3.ggpht.com/ytc/AIdro_mgX-QfjP7M2pdOGfQPSXwT4IaNk9OtXh_fDyN5rn_41g=s800-c-k-c0x00ffffff-no-rj,C#|Programming|development|code|Java|Tutorials|gaming|call|of|duty,"Technology|Knowledge|Lifestyle (parent topic)"
71,UC9ji1Yn5v0wLJwluEEebzFg,"C#... Programming",,2013-12-31T14:26:23Z,,AL,77,19,1,https://yt3.ggpht.com/157OgCGCDQtqj1tFwxVqjxC8Is1g-G2-kkZZyMVEui7bPJgVTG8MKkA4XIYMbVIGWGzQiaDB=s800-c-k-c0x00ffffff-no-rj,,
72,UCvpf6uVD_gJ7pkEDkKTd9lA,"Toasty C#",,2023-07-27T12:35:59.036029Z,,,82535,894,30,https://yt3.ggpht.com/n7QLELEIWtdYbPycjDwXJ-Rxwc83hdhGYYKNYgSpLPXh4aJP7fgyr-Kwaq9JoiJlhWt4jQ7E=s800-c-k-c0x00ffffff-no-rj,"gtag|mods|modding|toasty|vr|toastyvr|toastvr|mods|modding|gorilla tag|gtag mod|mod menu|gorilla tag ghost|ghost trolling|gtag ghost|ghost sighting|gorilla tag mod menu|gtag mod menu|gorilla tag ghost sightings|gtag ghost sightings|gtag ghosts|gorilla tag ghosts|vr modding|gtag modding|gorilla tag modding|gorilla tag mods|gtag mods|toasty menu|toasty menu v5|toasty menu v3|toast gtag|toast gorilla tag","Role-playing video game|Action-adventure game|Gaming (parent topic)|Action game"
73,UCl9qFuVGItH1E0ToWy2f13Q,"Современное программирование на C#","Современное программирование на языке C#. Фронтенд - кроссплатформенная разработка нативных мобильных приложений, веб-приложения на react + next.js. Бэкенд - веб-приложения на ASP.NET. ",2023-02-11T12:22:40.58594Z,ru,,2160,35,4,https://yt3.ggpht.com/kLEoKjBxA7tDwpRroH7dbhsc7X1aMdBVahRGJCrd9nEWl1IZsvouvWteQiBUImHPZ1WtjlBzecQ=s800-c-k-c0x00ffffff-no-rj,,"Knowledge|Technology|Lifestyle (parent topic)"
74,UC2Bgz0etoFX1U8pmmLWfNrg,"C# guide",,2017-11-02T05:57:03Z,,,310,1,2,https://yt3.ggpht.com/ytc/AIdro_mToxzsJ4MSjELpR3PmdNsWUIIpnn6JwHJv8T-yqEsZYg=s800-c-k-c0x00ffffff-no-rj,c#|ASP.NET|Tutorials|.net,"Knowledge|Technology|Lifestyle (parent topic)"
75,UCl3aNd0vw_gVczx-sda4GzA,"C# eLearning","Welcome to the ""C# eLearning"". In this Channel you'll Learn New concepts of Material Designing in Visual C# in Windows form Application You'll learn How to Design Modern Desktop applications using the concept of flat designing in Visual Studio. also you also learn sql queries,stored procedure and lot more. So Please Subscribe this channel for More videos. https://www.youtube.com/channel/UCl3aNd0vw_gVczx-sda4GzA",2013-08-23T12:23:25Z,,PK,183985,2040,82,https://yt3.ggpht.com/ytc/AIdro_lEKMORXVD75Sbrth6k5kQuhFZZotfWLu857prl9yX9Hw=s800-c-k-c0x00ffffff-no-rj,"C#|final|projects|in|C#final|project|ideasHow|to|winform|WPF|wpf|dotnet|Devexpress|C# Programming|Modern Designing|How to|Final Semester projects|flat designing|metro designing|Advanced programming|C# programming for beginners|absolute beginners tutorials|full tutorials|Programming in urdu|programming in hindi|desktop applicationdevelopmentBunifu UIdot net programming|C# winform|C# winform tutorials|billing software for retail shop|billing software for small business|billing software for restaurant|billing software barcode","Lifestyle (parent topic)|Technology|Knowledge"
76,UC_aPONIzQvNupJXdARvOQ5w,"Coder C#",,2023-11-21T20:47:02.234096Z,,,1757,37,3,https://yt3.ggpht.com/a0vg8UTHukO8B3_wwOS7-TILy51Tzk9pVwrjKfBW975Woqro4U_slrxIIyHGkdM9CtRB0H_b=s800-c-k-c0x00ffffff-no-rj,,"Lifestyle (parent topic)|Technology|Knowledge"
77,UC_DhecpxRRfUwXgD5-GkQJA,"c# programming",,2017-10-14T18:03:30Z,,,523,2,7,https://yt3.ggpht.com/ytc/AIdro_kCFvXlCSiLj8I3jGgKnNIkuD2OgBBVG2G_InHX8BEapg=s800-c-k-c0x00ffffff-no-rj,c#|programming,"Lifestyle (parent topic)|Knowledge|Technology"
78,UCrwzNn8XAUhXoqDLeXtjuVg,"C# DOTNET","Write to us for projects - we develop projects for the web. ",2012-05-28T05:27:59Z,,IN,955037,2640,823,https://yt3.ggpht.com/HD8YYjQcg5Uim8f7ebf57VJx9wHcqBX0SjVf-YtkOevb_VjlvvPA7nNbW9cUEpd7hPoKbBwllH4=s800-c-k-c0x00ffffff-no-rj,"DOTNET|C#|AUTHENTICATION|AUTHORIZATION|C# ASP.NET Core|ASP DOTNET CORE|WEB API","Lifestyle (parent topic)|Technology|Knowledge"
79,UCGqjOaP4vjE_3wGRA5VSqxw,"C# Basic Concepts",,2019-11-24T10:50:39.084536Z,,PK,3187,25,11,https://yt3.ggpht.com/tk-uKbHP9QwvZYHv79dTTIwd2UlGMVMB4gCtkchkQWThKhc_iHQOMyNTD2NqnhaB6z2CQuCQVw=s800-c-k-c0x00ffffff-no-rj,"C# Coding|C# basic Concepts|C# Coding|Contrils in Visual Studio","Technology|Knowledge|Lifestyle (parent topic)"
80,UCf2b2wC9YL9A7R0wo8_3-iQ,"Basic2Advance C#","C# is simple and very powerful object oriented programming language developed by Microsoft.",2012-10-14T07:47:45Z,,,213,3,13,https://yt3.ggpht.com/ELSp4vzzd6UcYfm0GPL-P3EqLAsJzG-P1uevcIwoitgBbMED42WEJiYVqLIKqdmGp-9VSdvgEg=s800-c-k-c0x00ffffff-no-rj,,"Technology|Knowledge|Lifestyle (parent topic)"
81,UCkQfKQMXXxQlOnF1y2XV_6w,"C# Advance Programming",,2020-10-12T16:39:57.254571Z,,,42545,147,51,https://yt3.ggpht.com/ytc/AIdro_lRJBlYGcuZoIx00gG5YQTQG9Efz1lBNk9AKpUjw5E=s800-c-k-c0x00ffffff-no-rj,,"Lifestyle (parent topic)|Knowledge|Technology"
82,UCOZ4mHju4ZYpMQNgZEtdGFQ,"C# Programming",,2021-05-20T02:45:27.233104Z,,,69915,575,209,https://yt3.ggpht.com/ETMAGstVnau8KNS6Eftf479c_KxVa5bKzQ4RB5tt3yIEgZdfBD9tlqUKZTXh22QVedknhEz5FZ0=s800-c-k-c0x00ffffff-no-rj,,"Technology|Knowledge|Lifestyle (parent topic)"
83,UCmsC8Hv1NNm1WUe4cApjDyQ,"C# Videos",,2018-09-17T01:23:32Z,,,61357,197,3,https://yt3.ggpht.com/ytc/AIdro_nOfYuzL4vlDFVM0hKzld7PrnY4W-zDNcXDhg3-4z8=s800-c-k-c0x00ffffff-no-rj,,"Knowledge|Technology|Lifestyle (parent topic)"
84,UCIG0aBAaKf2bX1CfPhS6lxQ,"Microsoft Visual C#",,2014-10-10T21:45:01Z,,,683,5,2,https://yt3.ggpht.com/ytc/AIdro_mMjPo3HTJihQi4D-4Kdmxa87Jqx5J92Hv2RUjgeXg=s800-c-k-c0x00ffffff-no-rj,,"Lifestyle (parent topic)|Technology|Knowledge"
85,UC-15B6EGjY8doGTawEeFhBw,"Desenvolvimento c# Java Python",,2017-05-31T14:34:03Z,,,15963,29,3,https://yt3.ggpht.com/ytc/AIdro_l4P_cZIeY0TV0eptlFbUU89R8Fxe6mvTJ3kWQaMHk=s800-c-k-c0x00ffffff-no-rj,c#|java|python,"Lifestyle (parent topic)|Technology|Knowledge"
86,UC8oFwSWLh40ZeX1qcNBLALQ,"C# Finder","Welcome to C# Finder, your go-to destination for everything related to C# programming, Microsoft technologies, and a whole lot more! 🚀 Whether you're a beginner just starting your coding journey or a seasoned developer looking to sharpen your skills, this channel is designed to help you find your path in the world of software development. What You'll Find Here: C# Tutorials & Best Practices: Deep dive into C# programming with tutorials that cover everything from the basics to advanced topics. Learn about object-oriented programming, LINQ, asynchronous programming, design patterns, and more. Who Should Subscribe? C# Developers: If you're coding in C#, this channel is your one-stop shop for all things related to the language and its ecosystem. Join the C# Finder Community Subscribe now and turn on notifications to never miss an update! 🔔 Engage with us in the comments, ask questions, and share your coding experiences. Let’s learn, grow, and code together! 💻🌐 ",2020-05-20T03:00:17.331415Z,,IN,18334,6270,70,https://yt3.ggpht.com/APJHK7v7FoR6XGfIdVYsWfMljz89NoOVP0wSKxDQKgXfQkLl28gZyPKyOh-GnTCaSppPzmr9HUw=s800-c-k-c0x00ffffff-no-rj,trivandrum,"Technology|Knowledge|Lifestyle (parent topic)"
87,UCJPbZjldCBQZcIh3VYt_-Ng,"C# Tutorials with James","C# Tutorials with James is dedicated to teaching C# programming to all skill levels, covering beginner tutorial to more advance topics.",2024-09-01T05:46:54.7346Z,,US,60589,1160,80,https://yt3.ggpht.com/gRcVFLjYiWvWgE_cKiet1duG94O2YtNYjlPOWRFLCCf7xiTiAcH1CQD2GEWH76mIT5MDg3bM=s800-c-k-c0x00ffffff-no-rj,"C#|Learn C#|C# Tutorial|C# Beginners Tutorial|C# Console Apps|Setup Visual Studio|C# Data Types|C# Flow Controls|C# Functions and Methods|C# Variables|C# Strings|C# Objects|C# Error Handling|C# Try Catch|C# Reading Files|C# Reading Text Files|C# Writing Files|C# Writing Text Files|C# Get Folder Names|C# Get File Names|C# File Object|C# Basics|C# Programming Tutorial|C# Coding|C# For Beginners|C# Object-Oriented Programming|Learn with James","Lifestyle (parent topic)|Technology|Knowledge"
88,UCnZ2WAcEkzOWKgTqJgbu75Q,"AI Talks C#","Welcome! This channel will teach you the fundamentals of programming in C#, one of the most beautiful, yet capable programming languages today. Join this channel and watch the videos as they are published. ",2023-03-14T14:51:03.250259Z,,RS,7486,237,12,https://yt3.ggpht.com/rrf1395G5lJdxptNklQJz2Nox361mjJGQJMTzI0ULGV_gZiJ7rBij81pijaStMNx3yDHi4-7=s800-c-k-c0x00ffffff-no-rj,"c#|csharp|dotnet|ai|programming|artificial intelligence|software development|beginner programming","Lifestyle (parent topic)|Knowledge|Technology"
89,UCafEmgTj3l-davCrwOJbnJQ,"C# programs",,2024-10-19T15:17:56.796756Z,,IN,213,7,3,https://yt3.ggpht.com/t6nBA2YOwU5A0X8GB75PnAQepNQ83IAC7Me3pAFi2Ld7UCIuqCSb1obsRAgckpE1pr7_n1WsYQ=s800-c-k-c0x00ffffff-no-rj,"Coding|C# Programs|C# PROGRAMS|C# Interview Questions|Programming in C#","Technology|Knowledge|Lifestyle (parent topic)"
90,UCulytHYWgiVJb-p5HyrHS1w,C#,,2016-10-14T01:33:47Z,,,77,1,11,https://yt3.ggpht.com/ytc/AIdro_nYZq3nQLUlcJMZse8vo3Gv0I9pJg9vi058WL8W1k0=s800-c-k-c0x00ffffff-no-rj,,"Technology|Knowledge|Lifestyle (parent topic)"
91,UCmT836e2Q4n1LYZRYPwO4cg,"C# TUTORIAL",,2018-06-05T08:35:57Z,,,30,2,2,https://yt3.ggpht.com/ytc/AIdro_kIe-ICAnLnhRwl-7y7qc5oJ1apgPV9E3YkShKYVbnJkQ=s800-c-k-c0x00ffffff-no-rj,,
92,UC0iOjbca6dqS8CfDd8DmMWQ,"C# Studio","This Channel is created to help C# learners from scratch to advanced. :)",2018-09-15T08:48:38Z,,,1922,13,11,https://yt3.ggpht.com/ytc/AIdro_kkoUrqK8LQtj27lYEyLfoRXf4mN28Xlth3sn9kGWR3yA=s800-c-k-c0x00ffffff-no-rj,,"Lifestyle (parent topic)|Knowledge|Technology"
93,UCm7SeuJPTm_7hWnVAnv8G3g,"C# Made Easy",,2017-02-24T14:50:56Z,,,182,2,1,https://yt3.ggpht.com/ytc/AIdro_newLfxeqNbbQqbyjF6ueUgu5OvcGVB_Jj3qJPHGw93IA=s800-c-k-c0x00ffffff-no-rj,"C#|Winform|asp.net|Management Software|Management System",
94,UCg7HcJ9lyhPxtpSuaPTZRmg,"C# interview questions",,2023-05-08T13:53:27.984861Z,,BG,88150,1460,75,https://yt3.ggpht.com/ytc/AIdro_kobtIKB48kYbyoIbTaEMN7k6Obdij_-kVeSMbC28jaAlf34P-acLGJTORMNvUS62PM0Q=s800-c-k-c0x00ffffff-no-rj,,"Technology|Knowledge|Lifestyle (parent topic)"
95,UCzVvh7GGUZI10_EpsvEoR3g,"YT de c# é rol@",,2022-01-05T01:17:40.60971Z,,BR,7,4,3,https://yt3.ggpht.com/-Uk8s7DxR_V7nyAtRnYLF-lLbJBPGHjqHUJZesbE-wyMcx6B5Ab70fxU5k9mmwleheJV7mxX6Q=s800-c-k-c0x00ffffff-no-rj,fofoca|famosos|news|noticias,"Lifestyle (parent topic)"
96,UCufMDZ3ds45FJlrB8M-trLw,"C# Learning",,2022-10-30T09:45:19.480126Z,,,14,2,1,https://yt3.ggpht.com/zV4Rg3OUGkUNDVbm-7_G57b1rNSakHmQgh3J5olfNa7Fnlk0aWvl2TNZVSVOdyJv0cY0wdIIug=s800-c-k-c0x00ffffff-no-rj,,
97,UCxWiYV4py0t7DPziX4vmDJA,"C# .Net Tutorial",,2015-12-26T08:59:35Z,,,880,12,121,https://yt3.ggpht.com/ytc/AIdro_kB4jfuxI7ESzSpxr7QBW2Fr06Syk0H5pwjnnMxlZc=s800-c-k-c0x00ffffff-no-rj,,"Lifestyle (parent topic)|Knowledge|Technology"
98,UChNAH7_4zwjz2gaDKP0i10g,"C# Studs","if(project.necessary == true) { lblDumb.Text = ""Time to make some videos""; }",2018-04-20T17:31:35Z,,,750,4,9,https://yt3.ggpht.com/ytc/AIdro_lOG_Wqgvc9m5zrhko6k8poReI_L8Dz22pe9Jc4ttXMgA=s800-c-k-c0x00ffffff-no-rj,,"Technology|Knowledge|Lifestyle (parent topic)"
99,UCMRWK8BWZHAcs_s9ibFJEEw,"C# is easy",,2020-09-30T10:15:06.170986Z,,RU,0,50,0,https://yt3.ggpht.com/NXNk6twNN94ttbbEYbMZFxwOEevCwy_tbDHGL4KvrgWd3XhrD5clhVSSA-CfwiaN8kfgikQ6DA=s800-c-k-c0x00ffffff-no-rj,,"Technology|Knowledge|Lifestyle (parent topic)"
100,UCxI80d2H3DkrqZtnb8EGy7A,"C# Programming Code","This channel will show basic c# programming code",2016-12-11T10:46:02Z,,,356,2,1,https://yt3.ggpht.com/ytc/AIdro_nT4w71tn4cl0JLlftSonW4c9EiJTxhgtXxOz62RLUHSg=s800-c-k-c0x00ffffff-no-rj,,
101,UCvZbi97HVoTOe4dGIi6UscA,"C# NET Tutorials",,2019-02-13T13:18:29Z,,IN,15,3,1,https://yt3.ggpht.com/ytc/AIdro_kI2M34-7_zxWux4YWmujHuWgixecDpxJHYrGmAR5s=s800-c-k-c0x00ffffff-no-rj,"C# NET",
102,UCiSwY0vBhWMxLlwUeC4Y7_Q,"C# ForNoobs",,2016-08-29T17:11:24Z,,,448,4,18,https://yt3.ggpht.com/ytc/AIdro_lZrF3IYqnlq9kGG_6G4tZg5QXREv0_g524ZjUmclEA=s800-c-k-c0x00ffffff-no-rj,,"Technology|Knowledge|Lifestyle (parent topic)"
103,UCYAIE5v3PpLnAoEzQYbNZEA,"C# Puzzles","C# code challenges, puzzles and brain teasers to help you learn.",2024-02-25T06:20:20.302326Z,,,157,4,12,https://yt3.ggpht.com/pn3Lb3Nu359wcLfgZV0CS9hbFK35zL1L1-0RXXDkQTiFjxOqIJpPny-3AlmnihPpYLYzEAzs=s800-c-k-c0x00ffffff-no-rj,,"Lifestyle (parent topic)|Knowledge|Technology"
104,UCWKpUuc3w6m_TBNjVtcINcw,"C# Speedrun",,2022-01-05T05:52:20.47752Z,,US,150,7,5,https://yt3.ggpht.com/Ns9GshYDi7pU0oQYw90fm-KvdG5gpy21w4a3NEae8w8m-IFvf3i50rBgwMd0Lw96zDNMdJ4aMto=s800-c-k-c0x00ffffff-no-rj,,"Lifestyle (parent topic)|Knowledge|Technology"
105,UCbgHsaW_fO45utHkjndkEkQ,"C# Lessons Programming","Youtube channel to learn C# with audio comment...This for beginners and experts.",2018-03-25T14:19:53Z,,,52073,271,17,https://yt3.ggpht.com/ytc/AIdro_lvyxelawoVZUqS75L_t05kywN6yLk6ZomaRcTdLws273M=s800-c-k-c0x00ffffff-no-rj,C#|programming|developing|visual|studio|c++|gui|console|lessons|basic,"Technology|Knowledge|Lifestyle (parent topic)"
106,UC5RnOA7Jpp3ndF6dumrr1EA,"C# NET Tutorials","Welcome to C# NET Tutorials! Embark on your journey to mastering C# .NET effortlessly. Whether you're just starting out or aiming for advanced designs, you're in the right place. Let's dive into coding together! Hit subscribe now and let's elevate your programming skills! ",2024-04-05T21:33:36.322344Z,,,8419,108,5,https://yt3.ggpht.com/LkCetAD4M1gt-01Oj2gv8Bv0ZE8u_EFG74Ibh9HIxQGl5iFAPxyJEtnqpIgnbQqMzcGkEaRbig=s800-c-k-c0x00ffffff-no-rj,,"Technology|Lifestyle (parent topic)"
107,UCWIlPZGi6sb8IJxVSY_iaiQ,"Learn to C#","This channel will upload videos from Microsoft. Just for promotion so that everyone can learn programming very easily. The videos were collected from a website. ",2021-05-31T01:08:19.735537Z,,BD,15,3,1,https://yt3.ggpht.com/VHGyMB4K1ElION9Y63Lz2RlEaWN713xq2xLpEOF5osU3-m2skA_UV0nbV-0-getQXAJTftbvJFE=s800-c-k-c0x00ffffff-no-rj,"C#|Coding|Program|learnc#|learn to c#|learn to Program",
108,UCfhbmAgJaum9NxtA4vkoyGw,"C# Tutorial",,2021-07-25T17:07:00.997149Z,,,6,20,1,https://yt3.ggpht.com/OfHtZWCfw4DK5Cdb7OWgthYx1wDs0Dbfk2xwXd8AEK_GK_7p2QKWpushpPQ_lfWYoSOHVD585w=s800-c-k-c0x00ffffff-no-rj,,
109,UCjVFLAUvRt4G7VDOujAKSfg,"C# Tutorial",,2023-04-05T06:25:29.424562Z,,,2393,23,7,https://yt3.ggpht.com/Pwrs3f3t5Sg4cqk8YfAqXeZc5v-0_ISGBU3VA_PPSHM5nldH2aDSPSvVslUjBgbZYzpucAZNnw=s800-c-k-c0x00ffffff-no-rj,,"Knowledge|Technology|Lifestyle (parent topic)"
110,UC8iqv4Ul-A095Sn7COPgsXA,"Vai tomar no c#",,2023-01-10T12:13:39.378868Z,,,0,11,0,https://yt3.ggpht.com/lYTINX4TmlIKrwro3mPRgytchsvJTZlrt2QFCoZIHJE2quZzamcUrwPKx85aYil5okoI3SBTvA=s800-c-k-c0x00ffffff-no-rj,,"Entertainment (parent topic)|Movies"
111,UC4qcw4_VhuG0JoWvhuvoMIg,"BD C# Programmer","Welcome to my youtube channel.I am Md.Shamrat Miah(novice progrmmer C#.net). From my channel you shall be able to know about c# programming language and to code. Please like, comment, share and subscribe my channel.",2016-12-03T04:55:36Z,,,1505,32,20,https://yt3.ggpht.com/ytc/AIdro_kwmjvTXseSVsr9Dr28KgGlgfyVulyjG2REJmLwoejR_A=s800-c-k-c0x00ffffff-no-rj,".BD|Programmer|ASP.NET|C#.Net|BD C# Programmer|C# Program|How to C# code|How install C#|Visual studio|SQL SERVER 2008R2|How to install sql server|.NET frame work|How to work programming|2017 programming|how to programming language|How to install programming softwer|how to macke program|top programming language|programming tutorial|how to programming Tutorial|how to microsoft visual studio|Programming Language|Programming Language c++","Lifestyle (parent topic)|Knowledge|Technology"
112,UCEpOK3lI5hOSrpvBjwvTveA,"C# Studio","This is a channel for learning C# programming language. This channel have or will have C# video tutorial from beginners to expert for free.",2020-05-29T14:37:27.185484Z,,MA,1026,9,4,https://yt3.ggpht.com/eWKzNVkXjrBXh9tZf3247qtbYvU0IjvqKN05L_2HlPu_wgz3yAJhu67Bnj2yYhlzFA5X25PjVw=s800-c-k-c0x00ffffff-no-rj,,"Technology|Knowledge|Lifestyle (parent topic)"
113,UCf9LhzXpBlLpEj2gp3CbKqQ,"C# Solutions Hub","Welcome to C# Solutions Hub - your go-to channel for practical C# programming! From beginner-friendly basics to advanced techniques, we cover a wide range of topics, including C# fundamentals, object-oriented programming, GUI development with Windows Forms and WPF Only! Join our community of learners to collaborate, ask questions, and share insights. Stay engaged with regular updates, challenges, and interactive coding exercises. Unlock C#'s full potential and create real-world solutions with C# Solutions Hub. Subscribe now and embark on an exciting journey of mastering C# together. Happy coding! ",2016-04-11T22:30:33Z,,PG,60163,666,37,https://yt3.ggpht.com/9xoWhTu6_qpetQA7MS6Fwz0j-XHYoo053f8NbPbGkc6TA7miv4OhZQtq0AeVolgQShidqP9Xtw=s800-c-k-c0x00ffffff-no-rj,,"Lifestyle (parent topic)|Technology|Knowledge"
114,UC20NdJ-rvIwFsN-Rwn_25MA,"Desenvolvimento C# Sistemas",,2015-11-20T04:44:15Z,,,565,5,2,https://yt3.ggpht.com/ytc/AIdro_l_X0JFvkYjQeqoDcezUQ3E8eJDhF0wmogMdnfzQGI=s800-c-k-c0x00ffffff-no-rj,,"Lifestyle (parent topic)|Technology"
115,UC6yFIsiJKLXxm5b0QDi11kw,"C# Tutorial",,2020-09-08T08:09:44.537175Z,,,5,0,1,https://yt3.ggpht.com/ytc/AIdro_msq8o9ucFIs5mBcwB9hg4oM9QQy61a6WwWUvQqMbw=s800-c-k-c0x00ffffff-no-rj,,
116,UCyTBRJoIgE6cmnjNBaW8bBA,B*C#,,2018-01-18T11:40:00Z,,,8755,38,28,https://yt3.ggpht.com/1uqnmyT78Imk03V_nYSuwjZkG8h_RTZ7Iym9eH1_RJaeav16cqOcG1XT5UpEhR6I2ubl2_xNELM=s800-c-k-c0x00ffffff-no-rj,,"Lifestyle (parent topic)"
117,UCrUMU8tGjIHKEP7buhct06A,"C# Tutorial Videos",,2018-01-08T08:19:18Z,,,2634,24,3,https://yt3.ggpht.com/ytc/AIdro_k9fKJkwHKmNEaW7y21KR57KoXektw0I6r7D46xWE3L=s800-c-k-c0x00ffffff-no-rj,English,"Technology|Knowledge|Lifestyle (parent topic)"
118,UCP35DjqXIeLgP5iLfrock9g,"Vai se toma no seu c#","Rapaz isso ta certo ?",2023-04-20T18:26:28.347612Z,,,26,2,10,https://yt3.ggpht.com/jysBDYPWesSyZSZ6h2KTnoQmKyT5Q--Q53p35i6AG5MUtmF826E9dHMCA3PUvZ5YCIfaDnORXw=s800-c-k-c0x00ffffff-no-rj,,"Entertainment (parent topic)|Humor"
119,UCfQ9oDm7PFmeCgg0Pa7buNg,"C# - Topic",,2023-04-21T20:49:22.427128Z,,,4205,25,119,https://yt3.ggpht.com/1uqS2omAmJxjWFrKYznCBiiomIdqfEFRXGIt0d9ThHgaB6SdcvYrUtMJ52cRe-uSd3Zrmcv8pZc=s800-c-k-c0x00ffffff-no-rj,,"Jazz|Music (parent topic)|Electronic music"
120,UCoLIK2847jLkdq4SA6jV2cw,"Programming with C# Course 2013/2014",,2013-10-19T18:48:39Z,,,6943,82,11,https://yt3.ggpht.com/ytc/AIdro_lnpWPeR91AF1QeZMCa6Qcfr8ddp-_hjO1DvC_TPaKk=s800-c-k-c0x00ffffff-no-rj,,"Technology|Knowledge|Lifestyle (parent topic)"
121,UCejYGg4gAOa1uPAObFuk1HQ,"C# Devs","Emphasizing the entire spectrum of .NET, this content revolves around ASP.NET, ASP.NET Core, .NET, and advanced C# design, while also delving into best practices and practical experiences to streamline developers' workflows and simplify their lives. ",2024-03-22T07:22:39.011352Z,,CA,11525,72,292,https://yt3.ggpht.com/ReXoqhiiOxjnbf5oLDMVskwlSJ4YATJycAoXA8TEGr6MPaqj2N3_WWHlyo4WSqkNNn4Cv3QwaA=s800-c-k-c0x00ffffff-no-rj,"dotnet|.Net|C#|ASP.Net|Coding|Programming|Microsoft|ASP.Net|donetcore|aspnet|aspnetcore|tips|C# Devs|ASP.Net Core|.Net 6|.Net 8","Lifestyle (parent topic)|Technology|Knowledge"
122,UCNilfAws8BnisSlpMaWXYUw,"TEayudo c#",,2014-10-30T00:51:40Z,,,77,5,2,https://yt3.ggpht.com/ytc/AIdro_mVNAKjqBduzLkkf2ku-pM0U9I8wrPXfCGchVC07g5x0w=s800-c-k-c0x00ffffff-no-rj,TEayudo|c#,"Technology|Knowledge|Lifestyle (parent topic)"
123,UCgda9K7lz6-_TBQX7sJPHPg,"Tool Autodesk C#","Viết tool và phần mềm theo yêu cầu cá nhân hoặc công ty https://www.facebook.com/CadJapanCSharp ",2023-05-02T04:22:54.686317Z,,,20993,2190,21,https://yt3.ggpht.com/77tmPxzdZPPHJJcR4gmJW3BSCmgB6SYsy6n4TCMFIBbVVH680c8uhGCwf819ZhmOVAK-B6ZTWQ=s800-c-k-c0x00ffffff-no-rj,,"Technology|Knowledge|Lifestyle (parent topic)"
124,UCbmBwhJaOIUGaR6FZeP8UIw,"C# Artisan","This collection of videos is meant to help us all become better at the craft of programming in C#, as well as to allow me to show off my stunning collection of goofy Hawaiin shirts. I hope you enjoy it.",2023-07-05T23:41:59.515874Z,,,14672,395,85,https://yt3.ggpht.com/Uwt1SzK4__4szapl1dd9qRMIeEnNKgUxRb8RgQk3hL84YZ277mPRhxow4AmWfb-bPMwRWERiag=s800-c-k-c0x00ffffff-no-rj,,"Technology|Knowledge|Lifestyle (parent topic)"
125,UCS5QFSzsfEzQzcj4kAPwUSg,"C# Explained","The goal of this channel is to help people learn the C# programming language. This is my first instructional channel, so I'm in the process of learning how to make good and understandable videos myself. I started teaching myself about programming back when I was around 14. The first language I learned was GML (Game Maker Language). By the time I was 16 I had made a very crappy game, but it was the best crappy game I had ever played. Then I went to college and majored in computer programming. I learned BASIC, Java, and C#. C# is my favorite out of the 3, so I figured I would try and do an online series on key topics that were never really touched on in my school books. So, here we are!",2013-08-20T03:58:20Z,,,34802,120,1,https://yt3.ggpht.com/ytc/AIdro_m-wKAgtwHxHA9bap_ztuT79RW4uZb7SU4j1nqKi0E8GQ=s800-c-k-c0x00ffffff-no-rj,,
126,UCTeDZ_3qheb-YK49Ko3a1nw,"Tutorial c# and apsx and php",,2014-09-05T05:22:07Z,,,45,2,13,https://yt3.ggpht.com/ytc/AIdro_nZs7VbexkLnJe-InlC_WesLwq-LVnrUmWzXzL4VmpnZA=s800-c-k-c0x00ffffff-no-rj,Tutorial|developer,"Technology|Knowledge|Lifestyle (parent topic)"
127,UCxtpYkO-l_DPsc8yFoL8dfA,"c# tutorial","C# Developer ASP.Net, ADO ",2019-11-07T20:20:46.28308Z,,,491,3,2,https://yt3.ggpht.com/ytc/AIdro_mvnj5GL9eu1fVrATkRHoLLHjioDPagDPcACU10nsDU=s800-c-k-c0x00ffffff-no-rj,,
128,UCXMJ4-nJazKy9AsA3XV0mZw,"C++ & C# Programming",,2014-11-26T22:37:13Z,,,348,3,2,https://yt3.ggpht.com/ytc/AIdro_mxXyqBrxXYc7p44tDW-roqjVrP9qnqAj3nBrlCxWk=s800-c-k-c0x00ffffff-no-rj,,"Technology|Knowledge|Lifestyle (parent topic)"
129,UCqj7lFdtUREbgYX840o8k8g,"C# - Topic",,2022-01-18T14:27:36.695588Z,,,978,5,28,https://yt3.ggpht.com/YzvjZlSP23-xg7NmXMGhVK_qtS2f_ohpzcvImZqI-PDItP0EpFxsP9VDurIAhQAjx5S5AiU7=s800-c-k-c0x00ffffff-no-rj,,"Music (parent topic)|Pop music|Electronic music|Independent music"
130,UCgYZQy9NfJiv-bseTAe3dZw,"Programação em C#",,2025-12-27T08:00:00.02567Z,,,30,1,4,https://yt3.ggpht.com/ytc/AIdro_kumUAO-vDqQ2LEQWnE98-Xq0zXVpU65GxPkF_IPO9-vNgWNB8GdeOI-ErUh6jDMTWOLQ=s800-c-k-c0x00ffffff-no-rj,,
131,UCCMqvCTkaFf9oVoqv0rTodw,"C# Projetos",,2022-09-06T07:51:57.40241Z,,,19,2,1,https://yt3.ggpht.com/X5am4TkAXg7vmMXFNeV8_os3KtJietfh8V6bjv3z0RU0mh60aVnhHg2Xm8HOPZLxJzGbHYCZSEs=s800-c-k-c0x00ffffff-no-rj,,
132,UCHQa44v2-kjA372MlGtT95A,"Programming In C#","Visual studio c# ",2011-12-16T13:25:18Z,,IN,1620,5,15,https://yt3.ggpht.com/kg_kPgqFmsNPlPIm2eTbMvfFTmBiH0a56fRVk_zxs6G-PwE-RMuPkPq1Rc6sFTgIgQy6LcJMOTQ=s800-c-k-c0x00ffffff-no-rj,,"Lifestyle (parent topic)|Knowledge|Technology"
133,UC_jVIf5hRjUERbAOPCZg7rA,"C# Coding","This youtube channel is about C# tutorials which help the beginners student of C sharp. Student can get help from these tutorials to learn C# #C#Programming #C#Code",2022-04-27T08:19:57.891053Z,en,PK,5424,976,10,https://yt3.ggpht.com/-c-Pn_WS_XybvtkoCe9iVNe2Tcfdpd2ViUQBTxxfiRnselTgV-QW-kcXi966mvxLIRCySd1NBpw=s800-c-k-c0x00ffffff-no-rj,"C# Coding|C# Programming|c# tutorial for beginners|c# tutorial for beginners|c# full course|c# full course|c# interview questions and answers|c# vs c++|c# oop|c# windows form application tutorial|c# code with harry|c# tanpura|c# online compiler|c# w3schools|c# compiler|c# to vb.net|C Sharp|Learn C#|Complete C# Course|C# Tutorials in Hindi|Learn C# Beginners|C# Programming Language|Indroduction To C#|Creata A C# Application from start to finish","Lifestyle (parent topic)|Knowledge|Technology"
134,UC_ZtMnLIMn_eB_3WGaUzgDQ,"Learn C#",,2016-10-27T21:45:53Z,,,1966,7,7,https://yt3.ggpht.com/ytc/AIdro_mkUDaIaBwy33_ojIWiagCAhPRD06ZhazG57t31aiE=s800-c-k-c0x00ffffff-no-rj,,"Lifestyle (parent topic)|Knowledge|Technology"
135,UCKXt2Jo4D4BmjN5GqsdgNPg,"C# Tutorials",,2020-03-16T02:36:04.697659Z,,,2189,9,14,https://yt3.ggpht.com/ytc/AIdro_l2f6D6JnLSCe1eDL2qs0YDw3HnzSMlZiElndYzOAo=s800-c-k-c0x00ffffff-no-rj,,"Lifestyle (parent topic)|Knowledge|Technology"
136,UCmfhO7ijzZHh9NyH6TcshIA,"ASP.NET C# (MVC Full)","This channel is for all. It's a creating in Bangle language and program also in English for best learner. This channel is just for learn about all man and women. Please learn on this tutorials. For first of all beginners, it's easy to understand and fresh videos. I suggestions of all.., who is learned about any programming so don't aggressive just cool and always coding properly more and more then you are a coder and programmer. It's might be helpful for all. Thanks all......!!",2017-03-22T11:40:57Z,,BD,2002,38,25,https://yt3.ggpht.com/ytc/AIdro_kO-Ceg0S-KRoy2wv3FLX3ICCdrMDduHA4ep-W0wkCLgQ=s800-c-k-c0x00ffffff-no-rj,ASP.NET|C#|Tutorial|in|Bangla,"Lifestyle (parent topic)|Knowledge|Technology"
137,UCbGnFCfbqda4ZB2jNblUBOw,"Fucken stupid C#",,2017-03-30T15:25:41Z,,,50033,758,12,https://yt3.ggpht.com/ytc/AIdro_lAt9haigmtmpBHj0inBBNHPa-1MUl59QHzqy_MgzFkBw=s800-c-k-c0x00ffffff-no-rj,Programming,"Technology|Knowledge|Lifestyle (parent topic)"
138,UCKrFPDs_EP1sHWABwGp9ODQ,"Lalit Technical c#","Dive into the world of technology with in-depth tutorials, real-world coding projects, tech reviews, development tips, and industry trends. Whether you're a beginner looking to learn programming, an aspiring developer, or a tech enthusiast exploring innovations, this channel is crafted just for you! What We Cover: Programming Tutorials (C#, .NET, Python, JavaScript & more) Software Development (Windows, Web, API, SQL) Tech Tips, Productivity Tools & Setup Guides App & Gadget Reviews Cloud Computing, AI, and Emerging Tech Debugging, Optimization & Best Practices Email ID:lalitdixena1990@gmail.com Contact No. 7000397628 ",2025-08-02T18:35:11.587383Z,,IN,2981,44,80,https://yt3.ggpht.com/3BkCKMiHhgl75khWae0YMnDgYUTIlIGk7GF47SkS1T_-MJIvkZPatIufi7jYooAfTly9wANi8Q=s800-c-k-c0x00ffffff-no-rj,".Net|C#|C#.Net|Asp.net|Datatype|variable|keywords|lalit technical|technical lalit|what is C#?|Console Application|Windows application|Web application|Asp.net MVC|What is Asp.net|What is Asp.net MVC?|lalit tech|tech lalit|difference between Java and .Net|.Net Interview questions|asp.net interview qusetions|sql interview questions|asp.net core interview questions|asp.net mvc interview question|datatype variable and keywords|C# tutorials|.Net Tutorials","Technology|Knowledge|Lifestyle (parent topic)"
139,UCFxoIn_7nnMaw1lrm0K_-og,"c# basic",,2015-08-22T06:10:03Z,,,597,0,31,https://yt3.ggpht.com/ytc/AIdro_n7YN8SCJs1NMR2AkA-IP3PyAATgJappT-lQpNUZ2Y=s800-c-k-c0x00ffffff-no-rj,,"Lifestyle (parent topic)|Knowledge|Technology"
140,UC-hYI_iMzc-wkvIqvsW2u1Q,"Software Engineering using C#",,2020-08-03T01:28:53.643892Z,,,604,25,9,https://yt3.ggpht.com/ytc/AIdro_kUNIBx-qSRpAQFXdINkwsToIi7RKwM_aqikN4KN_4=s800-c-k-c0x00ffffff-no-rj,,"Technology|Knowledge|Lifestyle (parent topic)"
141,UCUVoh09Go_Y1DsuuhJH7fUw,"c# world",,2019-07-19T18:33:30Z,,,26,1,3,https://yt3.ggpht.com/ytc/AIdro_l2o1KFLXXT2Nfl3Iavl-n9mnDCK4mLQDLa_t0SubZPaA=s800-c-k-c0x00ffffff-no-rj,,"Lifestyle (parent topic)|Knowledge|Technology"
142,UCP78Zn4lFJf0OwhPj-5ZqVA,"Programming C#",,2020-04-26T05:33:19.608673Z,,,3858,59,41,https://yt3.ggpht.com/ytc/AIdro_mfkSOIu0lymB1k2pmT0NeYRF1s9682dJca2AVds0s=s800-c-k-c0x00ffffff-no-rj,,"Technology|Knowledge|Lifestyle (parent topic)"
143,UCokRR-aPo1dZP9Me8h9wvrA,"C# Girl",,2012-03-10T14:21:11Z,,,0,0,0,https://yt3.ggpht.com/jvfGFs96F4dPJHF2YUinzE2AEqZ8l8q35roOiOGRUEDybGpx9KTyWu3_6DtDXceFoUbND0yG2A=s800-c-k-c0x00ffffff-no-rj,,
144,UClDr8A7Br0XS1-dXziTltlw,"Learn C# in 7 minutes",,2018-04-05T21:43:46Z,,,332,1,4,https://yt3.ggpht.com/ytc/AIdro_m_vOWJOB4HP8sxsL3U6zMdaGLkpbKTxhxx2jKjn9A=s800-c-k-c0x00ffffff-no-rj,,"Lifestyle (parent topic)|Technology|Knowledge"
145,UCNL_EsDQtp8B1JwIXXo01Ig,"C# Simply Put",,2012-11-14T08:13:16Z,,,62,5,1,https://yt3.ggpht.com/ytc/AIdro_l54JuFkfz_MPuEzHjXdxfvxURY00Junn3arhXrUYET02NzrFzJeqJsa24OyzDDUvdakg=s800-c-k-c0x00ffffff-no-rj,,
146,UCKcayI5Tmazw_ay5MJSVxRw,"C# Specialist","Family-friendly gaming! Comments are always read and I want to pay attention to games that subscribers are recommending to me! I have lots of ideas in store. Each video, I will randomly pick a game that someone recommends! Then, I will do a whole Livestream based on that game. The only restriction is that it has to be downloadable on PC. I hope you have enjoyed the channel!",2019-12-08T18:51:19.118782Z,,US,9,1,1,https://yt3.ggpht.com/ytc/AIdro_lnzYusEtsQvEwaCdoc5gx8kMV3DvGS3BSYGQ6q-9Xvbg=s800-c-k-c0x00ffffff-no-rj,,
147,UCN9h4E9X9DjentrMXHKuu4w,"The Best C# Tutorials",,2018-04-24T09:17:30Z,,,421,3,91,https://yt3.ggpht.com/ytc/AIdro_mNR-7b8LUcJujLjcNBL07Zm_c4qYJ6QX08AN15-JA=s800-c-k-c0x00ffffff-no-rj,,"Lifestyle (parent topic)|Knowledge|Technology"
148,UCjl-OW_PLF7L25V60JUD8RA,"C# - Topic",,2022-10-22T20:42:00.31218Z,,,439,1,16,https://yt3.ggpht.com/dBg45dQqF3ZZQRxFqnvbWjB2bFBpM7GBDNr-IAiB6vdyDzxy1azy04ssjZKWg6MXnarzpNz67A=s800-c-k-c0x00ffffff-no-rj,,"Independent music|Pop music|Music (parent topic)|Electronic music|Soul music"
149,UCvN3Bgr5uEKTpktgT9Y7ejQ,"C# - Topic",,2022-08-10T08:52:28.407553Z,,,83058,266,3,https://yt3.ggpht.com/ooCBc39k_Uo17pxUo_AHwdwD6sDCjKI-DYL8J_NSrdrwZSqs2OC9jLjj0y9OYs4K3LM6D3oiPw=s800-c-k-c0x00ffffff-no-rj,,"Independent music|Music (parent topic)|Pop music"
150,UCf0BCsHwrOBUZIIRTgw4SFw,"C# for Learning",,2023-11-12T12:13:28.66516Z,,,3,0,1,https://yt3.ggpht.com/ATDlpgFh2N74iV8Tsdsfc4PtlqFgDTThg7lDVxSe0fqptxiSIY4pQvFXw2kE8azRDeX6IUEO-N8=s800-c-k-c0x00ffffff-no-rj,,
151,UCeyzSKoePJcY7cWNhaVM16Q,"Venkata Subba Rao Polisetty MVP , C# Corner MVP","Common Man Tips for Power Platform, Dynamics CRM,Azure",2013-05-28T13:22:03Z,,IN,29494,811,55,https://yt3.ggpht.com/fzkY3rE7yKC5QtgHGTbchXT5aykUFocRTcVdj11uJs35BXrnQl0uBn6Tbrs5TxDOGVbEqJr_To8=s800-c-k-c0x00ffffff-no-rj,,"Lifestyle (parent topic)|Technology|Knowledge"
152,UCNruXu6kwMoKOcNL06kB7vQ,"C# .NET PROFESSIONAL TRAINING",,2014-11-17T19:30:53Z,,,4015,28,2,https://yt3.ggpht.com/ytc/AIdro_neNAFhjLpO-GGWT8BaEqyxc6PYWfzx0i01goBY0zw=s800-c-k-c0x00ffffff-no-rj,C#|PROFESSIONAL|TRAINING,"Technology|Knowledge|Lifestyle (parent topic)"
153,UCzJ0oLA5A2s7cewEI6L3r7Q,"Chaloppy C#",,2014-10-27T14:46:27Z,,,0,0,0,https://yt3.ggpht.com/ytc/AIdro_mDGZI7rQp2lWRYxGXgzY2LCMWmHvyVVHWOu0CQ9Vd66iI=s800-c-k-c0x00ffffff-no-rj,,
154,UCNCc68_vVWJYAgk-sdGEKrw,"Master C# in 24 hours",,2015-08-15T08:13:04Z,,,29927,199,13,https://yt3.ggpht.com/ytc/AIdro_nL_MZMOJQlcGLtAwlRmWivc38lA0kPTUr_Cwp7Ns0UyA=s800-c-k-c0x00ffffff-no-rj,"C#|C# Tip|Master C#","Lifestyle (parent topic)|Knowledge|Technology"
155,UCUgApI3aUrsTP4lLlMAly5g,"I love C#",,2022-03-28T08:49:45.490083Z,,,94,0,10,https://yt3.ggpht.com/ytc/AIdro_lbn_DLLFCpT33OXul6uM3VU0vPqBworcPBANUd89RXpN6LkZ3uPrNkmEcu9T7zctoS-Q=s800-c-k-c0x00ffffff-no-rj,,"Lifestyle (parent topic)|Technology|Knowledge"
156,UCoI3aoG20OVFKGessjxcFiQ,"C# IDE, C# Compiler - Learn C#",,2025-02-26T01:11:10.195024Z,,,0,0,0,https://yt3.ggpht.com/ytc/AIdro_l8L0TJqZB5vy_wSoWnPUp41hZqjFKi2vrB8iGXThNWdbedSaomLTqHOwXLKh-b_8ECSQ=s800-c-k-c0x00ffffff-no-rj,,
157,UCXbFNb1qrbCzqmyE8HFxPGw,"Learn C#",,2024-11-10T10:19:50.776862Z,,US,6,0,3,https://yt3.ggpht.com/TajV0DgLl0rVx1p2Lh80AQIkj0EkpKB_CoIAn9X2CLTugkSaZMKWY1GMpCXucrdEJ5kidCQg=s800-c-k-c0x00ffffff-no-rj,,"Technology|Knowledge|Lifestyle (parent topic)"
158,UCaapcTQMbznIgSE_fkqy6DQ,"Programming C# dotNet",,2022-05-17T15:25:45.233806Z,,,1666,9,15,https://yt3.ggpht.com/ytc/AIdro_l2m6xnQIkGIe085t1l3QKu9OLcA7ubGl9YcT6fJ4x_XnEE37zF6vFZuGyS8tIezkPGIA=s800-c-k-c0x00ffffff-no-rj,,"Lifestyle (parent topic)|Knowledge|Technology"
159,UCo5JxX0o6I_whTQTFAuXbXg,"Blazor, .NET, C#, Azure & Unity 3d","PTI Costa Rica is the company that build the solutions for your needs. We have experience in serveral fields of technology and we use that knowledge to give you the best services PTI Costa Rica is a Games & Cloud Development company which works with the latest Microsoft technologies. Our main goal is to use technology and videogames to create positive impact in society. We help High Education, Nonprofit and SMBs reduce their costs and improve their productivity by leveraging the power of cloud solutions, and we help society developing serious games, but more specifically games for change. We work with technologies such as Blazor, .NET Core, Microsoft Azure, Unity, C#, 3ds Max, Visual Studio, Photoshop, Mixamo Fuse, SQL Server and more. Contact Us: https://www.linkedin.com/in/pticostarica",2015-06-14T02:57:33Z,,CR,407261,2450,448,https://yt3.ggpht.com/6v3Jq3ds4vLv5risdtjhEgC8gKaF_XEq2O-pCBghlx4dGWo5ltvTnYU7IBMZkYJxiH8JReTL9Q=s800-c-k-c0x00ffffff-no-rj,"c#|azure|.net|blazor|programación|programming|unity|dotnet|dotnetcore|aspnetcore|maui|csharp|.net core|visual studio|blazor webassembly|cognitive services|c# tutorial|blazor tutorial|blazor c#|text analytics|game development|visual studio for mac|microsoft azure|video indexer|custom vision|video insights|entity framework core|azure video|face api|creating your own youtube|blazor pizza|blazor server|ef core|.net 9|.net 8|.net aspire","Knowledge|Technology|Lifestyle (parent topic)"
160,UCU_dzxX2cYhjWHO6p7_GCiw,"C# programmer","C# enthusiast programmer for fun.",2017-07-06T09:46:49Z,,,0,103,0,https://yt3.ggpht.com/ytc/AIdro_noP1jDiktFrX830KTS8XC2MZYtup6oNHu74_ww385FG70=s800-c-k-c0x00ffffff-no-rj,,
161,UCgKTjqR3jjgVwpCDpjjE32w,"C# in Majorca","Simple, easy to follow and informative C# tutorials: ■ Tutorials to get you setup and coding quickly ■ Tutorials explaining OOP concepts ■ Various other tutorials on concepts and topics of interest within the C# world #csharp ",2021-01-31T05:09:58.448Z,,ES,0,134,0,https://yt3.ggpht.com/ytc/AIdro_ko1bohorF43L7N2__iJfOUyGv9D49vh-by5RaRd0cxtbmO0Gkh_JsO8dPHhC3VE0oMug=s800-c-k-c0x00ffffff-no-rj,csharp,
162,UCqRXo97-91OT4BAZB3YnY6g,"Programming C# For Beginners",,2021-12-08T10:52:39.47189Z,,,17,1,1,https://yt3.ggpht.com/gVIgou0XbkyMeWwKOOIVdNwOg93Wgm_KQPOZsnLxhmojUVGApAvbsjSRjw6-umQg4iL4oyoS=s800-c-k-c0x00ffffff-no-rj,,
163,UCiwOP_NvFCyL_ggGrGywGKg,"C# For Beginners",,2021-07-20T13:09:09.89247Z,,,61,2,8,https://yt3.ggpht.com/ytc/AIdro_ldQNCJoqb2ACiWS5tI0fa5OHsUN-DbrYZMr0kII7wBc0yO3d9TcCxQjkS5SREDdYZ3kA=s800-c-k-c0x00ffffff-no-rj,,"Lifestyle (parent topic)|Knowledge|Technology"
164,UCKsV05HP4UasOmjnAzxkf4A,"Love C# Programming",,2020-06-14T09:17:54.048681Z,,,2966,18,6,https://yt3.ggpht.com/ytc/AIdro_lhPKiG-anOWW3Ncm6UeM3Fjp0QN9zc1ol73jhQE4VBhQ=s800-c-k-c0x00ffffff-no-rj,,"Lifestyle (parent topic)|Knowledge|Technology"
165,UCHE1pH7o-I1Xx2LfK0oKcNQ,"The C# Channel",,2020-06-29T20:51:36.926377Z,,GB,1459,44,4,https://yt3.ggpht.com/ytc/AIdro_kPiS-VKbQhYRoEGnTctcqiS3AL41SpRcNEsFvIMFp7sw=s800-c-k-c0x00ffffff-no-rj,"c#|csharp|c#.net|programming|coding|csharp turorials|c# tutorials|c# code katas|csharp code katas|learn c#|practice c#|coding for fun|learn programming|learn c#|learn c#.net|programming for fun|c# channel|the c# channel|c# learning channel","Lifestyle (parent topic)|Knowledge|Technology"
166,UCTWzCqw_WyeknFV1C87405g,"The C# Dictionary","Hello! Here we offer Tutorials for the C# Programming language!",2019-01-13T12:27:05Z,,IL,25877,50,4,https://yt3.ggpht.com/ytc/AIdro_lEIrTaqACtUPTu5ndEzI67hYZUuK8jCOyKrvt311Oe3A=s800-c-k-c0x00ffffff-no-rj,,"Lifestyle (parent topic)|Knowledge|Technology"
167,UC5pRLc382MVQpyXtbremeuw,"C# and SQL: Tutorial Beginner's to Advanced","1.C# PROGRAMMING TUTORIAL FOR FREE (AVAILABLE AT UDEMY & REED.CO.UK) You will get several numerical problems on looping decision making,and OOPS CONCEPT IT Professional with 8+ Experience in software training and more than 4+ years at undergraduate and graduate level mathematics. Mentoring Dotnet framework and its interrelated Corporate level Education .,Microsoft sql server, my sql oracle server,objected oriented programing language like c++ and Java... knowledge offered is with Advanced topics in the desktop applications  and consumed  projects are mainly comprising of Enterprise based applications,client relationship management and E-Commerce. SQL- learn sql for free: major SQL APPLICATION- The major applications of SQL include writing data integration scripts, setting and running analytical queries, retrieving subsets of information within a database for analytics applications and transaction processing, and adding, updating, and deleting rows and columns of data in a database ",2011-12-29T19:23:52Z,,,1178,10,107,https://yt3.ggpht.com/L0xec4gptcyV10hcBnODq_CLTGeRTk0-hjDx67kjPeM936yOOfn-C9SSFWEMBRPIBpWop8V0qR8=s800-c-k-c0x00ffffff-no-rj,,"Lifestyle (parent topic)|Knowledge|Technology"
168,UCGx77E0n_EjoTFNm0ipJubA,"Código C#",,2013-02-05T14:51:09Z,,,78,3,3,https://yt3.ggpht.com/LIfMPd_7jlPhL6wqxqZvdAYfysspyb1PhkoHMvPWNpBNHzeTqzl-ZaWBvsOd1leBT8PbiI7jbA=s800-c-k-c0x00ffffff-no-rj,,"Technology|Knowledge|Lifestyle (parent topic)"
169,UCuWfAnCgGwjrHtEtrfMkhNA,"Ultimate C# Programming",,2014-12-16T16:06:17Z,,,1470,24,3,https://yt3.ggpht.com/ytc/AIdro_kGbSo4U80E0jxSNNFeRaOl3HZF4VM00XvvOe9AwHdVpg=s800-c-k-c0x00ffffff-no-rj,,"Lifestyle (parent topic)|Technology|Knowledge"
170,UCcgZqWLntyiwzFKeMnRy5yA,"C# Gentleman","Like Super Mario Nintendo game which made the childhood much easier for many of us, this channel will be helping people to learn C# and .Net Framework and start implementing whatever they can imagine.",2021-04-09T15:53:45.904643Z,,US,32,5,1,https://yt3.ggpht.com/ytc/AIdro_kdAUz0jqB8n5hlTm-D_bqJTrcYjibwYsSCskL-UTX8HA=s800-c-k-c0x00ffffff-no-rj,Code|programming|c#|.net|asp.net|software|development|developer|tutorial,
171,UClaUGjooW13Xy80cGM88Ysg,"C# - Test Automation [ Interview Made Easy ]","Hi Friends, In this channel , You will find videos related to : 1. Automation with C# and selenium web-driver. 2. Coded UI automation 3. REST API automation with C#. 4. Develop Automation frameworks with C#. 5. Frequently asked interview questions for manual and automation testing.",2019-11-06T14:11:13.965426Z,,,999,3,2,https://yt3.ggpht.com/ytc/AIdro_mFajFCp5YkVWxHhq8JsZiAm3lYmN7YZByab8tErY_qJw=s800-c-k-c0x00ffffff-no-rj,,"Lifestyle (parent topic)|Technology|Knowledge"
172,UCmLd8cIb6uXbTgCiPdj7atg,"C# & ASP . NET MVC",,2015-10-15T09:19:01Z,ru,,2300,37,10,https://yt3.ggpht.com/ytc/AIdro_kcatiHHMOJm2uhb_dE0c-T2RM4kezFL_mZkk_i5InLcyI=s800-c-k-c0x00ffffff-no-rj,,"Lifestyle (parent topic)|Knowledge|Technology"
173,UCMC452C5y38Bw_GGUvvLJtg,"GO C#","GO C# present best tutorial to learn C# language with source code for examples and projects. the first tutorial will be ASP.NET MVC 5 Tutorials to build web applications and websites.",2019-08-02T15:45:40Z,,JO,43,6,1,https://yt3.ggpht.com/ytc/AIdro_mpe4Mb1IaL75TE636sqyNlPH4TvL_GMgAZTeSy53HHvw=s800-c-k-c0x00ffffff-no-rj,"C#|MVC5|C#|C# Tutorial|C# Tutorial step by step|C# MVC5 Tutorial step by step|C# MVC5 Tutorial from scratch|C# ASP.NET MVC5 Tutorial from scratch|C# ASP.NET MVC5 Tutorial step by step|jquery ajax calling|my first MVC5 project",
174,UCi_gE1f4M0o3AqND-KvSt0A,"C# Guru","Our channel is dedicated to making C# programming easy and approachable for learners of all levels. Whether you're a complete beginner or an experienced developer seeking to deepen your understanding of C#, you'll find valuable content here to enhance your skills and knowledge. We believe that programming should be enjoyable and straightforward, so we've designed our tutorials and coding challenges with simplicity and clarity in mind. Our step-by-step explanations and hands-on examples will help you grasp complex concepts and apply them to real-world scenarios. ",2020-07-29T15:17:36.252574Z,,,57,6,4,https://yt3.ggpht.com/ytc/AIdro_k7nXOhfA_QD9ElYu41v20lcIarcO9aOIBdIdjWHorGIME=s800-c-k-c0x00ffffff-no-rj,,"Gaming (parent topic)"
175,UCy7g1zaU_Hpcb5BXihE7yZw,"Zhenghao C#"," making a smiple projects with C# 2020 ",2020-08-27T20:38:16.424391Z,,,7,0,1,https://yt3.ggpht.com/ytc/AIdro_mUW3iMWiSayMUG48Mm0G_1YE1YUJKy1LIOzuNPm0X6OQ=s800-c-k-c0x00ffffff-no-rj,,
176,UC2kAmzz-cDFcfW3R5uga-cQ,"C# Dotnet Paris","La chaîne YouTube du Meetup C# .NET Paris ! https://www.meetup.com/meetup-csharp-net-paris",2025-07-28T12:30:26.158944Z,,FR,125,11,1,https://yt3.ggpht.com/-I0UfRWuLnvW-NjmvH6LJ_onF6lLw_uoNjLgTT2RzLdaN1dZ8PdEGd9EbEA2XomfRBBA_KuRcw=s800-c-k-c0x00ffffff-no-rj,,
177,UCkiWibs1dDCkMnMCd8ajdfQ,"c# Real-Time Practice","I have realtime experience in c# I want to share my ideas or knowledge about Programming, through this channel any queries you want to share it, please contact me via email practicerealtime@gmail.com So, Kindly Share, Like My YouTube Videos and Subscribe My YouTube Channel For Getting Updates. ",2022-10-18T09:35:19.273676Z,,,3800,6,4,https://yt3.ggpht.com/uF19zF_eaztT42BIitJQIJ-YdDyiPknTztzeg3tCvF4jWr3NAXie8Ts3VnZgYzJGRw2tkCDx=s800-c-k-c0x00ffffff-no-rj,,"Technology|Knowledge|Lifestyle (parent topic)"
178,UCE6MDwqX0kf8Cb7byJNQ_Yg,"C# Drone Development","The goal of this project is to create a C# API for software developers who are interested in developing software to control drones on the Universal Windows Platform. The first drones that will be supported are the Parrot Mini Drones. These include Parrot Airborne Cargo Parrot Airborne Night Parrot Hydrofoil Parrot Rolling Spider",2016-03-24T16:10:20Z,,,851,3,3,https://yt3.ggpht.com/ytc/AIdro_ke9tMqQI2ZhuLTdrU3U5W3xSD_sip1ocFkoXEAi1M=s800-c-k-c0x00ffffff-no-rj,,"Lifestyle (parent topic)|Technology|Hobby"
179,UCd0uPZQ4IXJFkgNEHtC59Mg,"C# hints","This is a channel for everyone who wants to understand and study programing language C# investing 10 minutes per day. I will give you all necessary knowledge for Object Oriented Programing at all using C# language in my examples. See my short videos concerning different subjects in programming and hope, they will help you to improve your abilities to write programing code. Write your suggestions, proposals or questions to prepare short video answers for you. I'll try to publish at least one short video every week, besides of my daily obligations to teach students I have.",2022-02-05T15:27:42.420349Z,,,46,1,4,https://yt3.ggpht.com/4nOU01RALkY0yjr3KPAsK7HDHEK8_eDd2OYcTYbGDjhTGljvLB4QimiNd9c_zsiZRhBs7eqoVg=s800-c-k-c0x00ffffff-no-rj,"C#|programming|C# for beginners|easy C# programming|C# programming|C# tutorials|C# free tutorials|free C# tutorials|C# examples|C# OOP|C# lessons|C# cource|C# free video lessons|C# free video tutorials|C# answers|C# concepts|C# ideas|C# experiments|C# for students|easy C# programming|C# in ten minutes per day|C# free videos|C# in videos|C# free video tutorials|C# in pictures","Lifestyle (parent topic)|Knowledge|Technology"
180,UC4Z2Rq1-bPzim89S-odSgMA,"LEARNING C#",,2021-10-16T01:20:11.892689Z,,,11,0,1,https://yt3.ggpht.com/ytc/AIdro_md5VUxzH5yjyJv_IEGemehUPXnmQvty_gdK0OWc6XAOS-XVJ0B1M0OaXt1Bsp6kPB0PA=s800-c-k-c0x00ffffff-no-rj,,
181,UCvnYOo7wzjwEPP6sBcAwEZw,"C# programmer",,2022-03-27T13:39:29.278024Z,,KZ,1732,20,9,https://yt3.ggpht.com/5FP-IwFrxbQA5va6Tm5N7OEL18h2ZmHy7CuHcBn7YuVLBnOpdAmizjzQ7TDONK7i0DPU9N51gw=s800-c-k-c0x00ffffff-no-rj,,"Action-adventure game|Gaming (parent topic)|Knowledge|Role-playing video game|Technology|Lifestyle (parent topic)"
182,UC9ePvf4TKcIFI00tyJZi5RQ,"Ollama C#",,2023-06-05T02:15:23.002042Z,,US,0,61,0,https://yt3.ggpht.com/nnSACeBTBtbnXO4cqx443nbmB3_fWsSS1ITbsn9JUMw14Mxs6TFYkU14zCVJQO6Xqinqx98WeA=s800-c-k-c0x00ffffff-no-rj,,"Role-playing video game|Gaming (parent topic)|Action game|Action-adventure game"
183,UCKA51mHyRiXHQIvmqLTYczA,C#..NET,,2014-01-18T19:50:52Z,,,57,0,1,https://yt3.ggpht.com/ytc/AIdro_kx2w0zy3C_69uTx6nGh5i7SwYWVoGr7twHz3J3Zok=s800-c-k-c0x00ffffff-no-rj,,
184,UCtwFlJIuQcv2dFB-E725DhA,"Learning C#","Learning C# basic and advance will be providing to you step by step. If you completed Learning C# course, you will be able to make any types of software.",2016-05-17T11:32:55Z,,,60,0,2,https://yt3.ggpht.com/ytc/AIdro_kcU5PPxKxx-QfzytLz3_KXvHTg5DdP6eu2MFV7bFnOYw=s800-c-k-c0x00ffffff-no-rj,Learning|C#,"Lifestyle (parent topic)|Knowledge|Technology"
185,UCo_OyUkyJLOevXmHRrmahzA,"C# Programming Tuts","Tutorial about software & web developement by Salim SR ....",2013-01-30T22:11:38Z,,GR,362502,2100,61,https://yt3.ggpht.com/ytc/AIdro_nqvCmGdnUjBnW4ozGzXQ6VGmQ8satVnfw-xxl1ZLA6Lw=s800-c-k-c0x00ffffff-no-rj,"Tutorial|Visual|Studio|Software|web|developement|c#|jarvis|visual studio","Lifestyle (parent topic)|Technology|Knowledge"
186,UCGZ5xSwnR0hy2X5XQQQU08A,"C# Dev Hub","C# Dev Hub – Your Ultimate Guide to C# Programming 🚀 Welcome to C# Dev Hub, the go-to destination for C# developers, beginners, and coding enthusiasts looking to sharpen their skills, build real-world applications, and stay up-to-date with the latest in .NET development! 🔹 What You’ll Learn: ✅ C# Fundamentals & Best Practices ✅ .NET Development (Web, Desktop, APIs) ✅ Game Development with Unity ✅ Advanced C# Techniques & Design Patterns ✅ Productivity Tips & Code Optimization 🔹 Why Subscribe? We simplify complex topics, making C# easier to understand and apply. Whether you're a beginner starting from scratch or an experienced dev looking to level up, this channel has you covered. 🔥 New videos every week! Subscribe now and start mastering C#! #CSharp #DotNet #Programming #Coding #SoftwareDevelopment #CSharpDevHub ",2014-10-02T11:59:45Z,,US,32,69,1,https://yt3.ggpht.com/X3n8AomBQm5bemaueUaYPVWxzOFTbNeJCRfe7vMPcXaP-UMr52IpbANOOCXHPui6Zpk6MfsTEQ=s800-c-k-c0x00ffffff-no-rj,"cabinets|countertops|granite|quartz|laminate|formica|kitchen|bath|casework|displays|counter tops|solid surface|store fixtures|wood cabinets|oak cabinets|white cabinets",
187,UCMW97tJccuMmYCAX45x3euA,"C# NET MVC CORE","This is a centralised platform for coder, who wants to practice and implement various feature in their application.",2024-08-14T13:11:48.689749Z,,,28,1,3,https://yt3.ggpht.com/SM0RzU6v1FB55OyDyhx0qkmnXKTgH4Xk2YKmcDy68SpvoSZ2JRxkgY7926c0uEkHGvhTpX3CI88=s800-c-k-c0x00ffffff-no-rj,,"Knowledge|Technology|Lifestyle (parent topic)"
188,UCXlI3glcKaLDddwnKZBrqLw,"C# programming the easiest way","I will teach you everything that you need to know in order to get started programming with C#. ",2021-03-24T00:46:30.04546Z,,,135,7,4,https://yt3.ggpht.com/D1GKq75n-3wR5dJK5eIdlyN4AF0UDbZNrY1Gm5vGYIwse0LG0hwdykGIS6nmWcgKjdKgz24cAg=s800-c-k-c0x00ffffff-no-rj,,"Technology|Knowledge|Lifestyle (parent topic)"
189,UCnz08ROC3Li4dVQ2FqU0Cvw,"Give me a C#","Hello musicians! Give me a C# is a channel all about giving a true review, on the latest guitar gear. Check out our reviews, on some guitar pedals we thought needed exposure. ",2014-07-16T01:56:27Z,,,40649,19,1,https://yt3.ggpht.com/ytc/AIdro_nkEa73QAT2V_Cc3tJQmX81ObtE5TcxVYn0A0WyyJM=s800-c-k-c0x00ffffff-no-rj,guitar|pedal|review|music|equipment|give|me|c#,
190,UCVrf4mR6fyMz24WImpyxDWw,"C# Community Discord",,2022-11-10T18:36:22.430497Z,,,16082,495,21,https://yt3.ggpht.com/ZqwFeB2glr6Pcxzc3hUBiQRVvtujDr5BiGMARmPvnrJi4j_90TLID5_cOJHhH_lWTCVrIztD=s800-c-k-c0x00ffffff-no-rj,,"Knowledge|Technology|Lifestyle (parent topic)"
191,UCnIxgfBmTSlaoS6I-8nNagA,"C# is awesome and hard !!!",,2025-12-18T19:51:38.131904Z,,,1,0,1,https://yt3.ggpht.com/pFN00G3dl7QQSN6D8KrqX_zkXx0PRwOTn7v7EcleTypuj1BC8b7ajlA8JjJOayCf1Tz55tCI-Q=s800-c-k-c0x00ffffff-no-rj,,
192,UC62fdOD7mL9mBM-rlb7-mHw,c#,,2022-10-04T05:35:47.005269Z,,,481,1,11,https://yt3.ggpht.com/0VN9Wj3ZEu45-k6eB331V0dwtpkgRrs9ZffIAsfIq7oT4eCGDfWRGwWGgIqVhAV5rRLkp6hDZQ=s800-c-k-c0x00ffffff-no-rj,,"Lifestyle (parent topic)|Music of Asia|Music (parent topic)"
193,UCOZn5pXiByIn_4ZRTyS3hoQ,"C# Eğitim Videoları","C# ile alakalı eğitim videoları yayınlamaktayım. Az da olsa bir katkım olursa ne mutlu. İyi çalışmalar. :)",2011-12-31T02:10:52Z,,TR,341620,3110,50,https://yt3.ggpht.com/ytc/AIdro_n84sGp0ZzR8tV395Jqf7qveLYWHTEkgVddq-xB_CrU3A=s800-c-k-c0x00ffffff-no-rj,c#|türkçe|görsel|video|eğitim|gökhan|zengin|gokhanzengin.net|web|windows|net,"Technology|Knowledge|Lifestyle (parent topic)"
194,UCP4J0qCdQ6j6zKDAFrzJ5NQ,"C# Mike",,2023-05-22T21:27:10.324894Z,,,1034,14,2,https://yt3.ggpht.com/-38AMsUgxvmpwRdU00GFD5PNWoJnSCkU3X-ZTce6Ic6Ce4lf-Dr-SExHy1qmGIWP_2nSFvjLnV0=s800-c-k-c0x00ffffff-no-rj,,"Lifestyle (parent topic)|Technology|Knowledge"
195,UCG9GkQ1RbUTKfce5mgN-7TQ,"C# Music","Making music is a thing I do",2019-01-11T19:15:28Z,,,964,7,6,https://yt3.ggpht.com/LeW3RwbuF-qoCnGeJLb2rucor_8bpVkTNBvm3SFbBqlOFGoRjsQnUXggs75PBMiHprfNKm1VuQ=s800-c-k-c0x00ffffff-no-rj,,"Rock music|Electronic music|Music (parent topic)|Independent music"
196,UCvYaHQB1fExZ8fvRPYVts8w,"C# Visual Studio va Ma'lumotlar bazasi","MYSOFT MCHJ, MIM guruhi tomonidan tayyorlangan ""C# Visual Studio + Ma'lumotlar bazasi"" o'quv kursining online shakli. Biz bilan bog'lanish: mysofts.uz, mchjmysoft@gmail.com ",2022-06-09T15:35:54.675816Z,,,77,8,9,https://yt3.ggpht.com/2YpbSRUe9_H6B7YDWNzcPmHdL2633ls_Z3pJUkGJLCwM6BNb1F0UCQSviBkVHs80LC8TcgwKdg=s800-c-k-c0x00ffffff-no-rj,,"Technology|Knowledge|Lifestyle (parent topic)"
197,UCwf_EMfnybw4M47rxPoqn0w,"C# School",,2017-03-21T11:20:04Z,,,7,0,1,https://yt3.ggpht.com/r2ncQ8PGoZ9GI44hlBZPhT1h50FWqYeT9c3YNvRoCk7QFM-fVggEATSCNJVJarFnhp5zczhqoQ=s800-c-k-c0x00ffffff-no-rj,,
198,UCSZE93xkwZikYyfXM8GNH9A,"C# Adventures","Hello everyone! I'm a passionate programmer and welcome to my channel dedicated to Unity and C# for game and app development. Here, you'll find tutorials, projects, tips, and information that will help you create unique and high-quality games and apps. Join me on this journey and discover everything that Unity and C# have to offer!",2023-03-25T12:23:51.218791Z,,,396,5,3,https://yt3.ggpht.com/4fdOpavl2WQ6yIEEt-K0BrQ87YstoSJGt-RxCDuYKv5SbjIeT8uQdK9jRGePBl8BMT2_1Y47umY=s800-c-k-c0x00ffffff-no-rj,,"Knowledge|Technology|Lifestyle (parent topic)"
199,UC8rPXbfyM47ifxFFRx5IZyA,"C# Jaguar - C# Video Tutorials","This channel will help professionals to understand various concepts of C# language. I will try to make C sharp tutorials in a manner that even a beginner can understand with ease and will try to relate all examples to my experience in Industry. If you are working on Microsoft .NET track then do subscribe to this channel so that once I upload a video it directly goes to your inbox. I am Kapil Dev Gaur and you can Google my name to know more about me. I love to code and love to help people. your queries c# tutorial",2018-12-15T09:48:59Z,,IN,23733,223,14,https://yt3.ggpht.com/ytc/AIdro_mxheRmR_TPiYjHdwN-F1keR713jfg-MVydzrWTgnh2dg=s800-c-k-c0x00ffffff-no-rj,"C# Video tutorials|C# interview preparation|learn C#|C# videos|C# Jaguar|csharp jaguar","Lifestyle (parent topic)|Knowledge|Technology"
200,UCB7F0zZMiWahSafHD9CBbEQ,"Bráulio Diogo c#","Este canal serve para ajudar pessoas que queiram aprender a programar em c# e algumas outras linguagens de programação ",2020-03-12T18:04:16.29134Z,,,55,3,1,https://yt3.ggpht.com/ytc/AIdro_n9fe0dd5KOpKkIwEppeV4hhSbrILUvRTyljXouqsxRCA=s800-c-k-c0x00ffffff-no-rj,,
201,UCLZcoPgBcpOhmU4H6HRpiVw,"C# Joy","Free C# book on your favorite ebook store. Search for ""csharp mini reference harry yoon"". Sample code and tips for #cshatp, #dotnet.",2020-01-17T19:38:59.623688Z,,US,699,20,1,https://yt3.ggpht.com/pC6z7rzN71h_JpSdG2u8arvQc5nTDi79qi2D4PdskMBd2p2-bL10lRrbuzOQHenQ8JFwAVsS=s800-c-k-c0x00ffffff-no-rj,"C#|Csharp|C# programming|C# beginners|learn c#|learn csharp|c# coding|c# tips|C# tips and tricks|C# tutorial|Csharp for beginners|learn c# programming|c# dotnet|c# sample code|c# 11|C# 12|c# 13|C# 10|c# 9|C# 12 features|C# new features",
202,UC_vyYqmgxI6i8YYliImxMNQ,"C# Beats²","Backup channel of @csharpbeats, follow for more! Trap / UK Rap / Afro / Hip Hop beats & all other genres on this channel.",2023-03-02T17:41:04.728585Z,,,44,3,1,https://yt3.ggpht.com/AGer0a5aD6UuJMpXPTJnMepuclRa_vSD3hahpxSgmBWNWVKJ93LIKqC80PH-ELi2GM7nJWyv=s800-c-k-c0x00ffffff-no-rj,,
203,UCaa3fD7KykshrneUZrCqbyg,"C# In Kannada","Learn C# in Kannada",2012-03-13T08:24:57Z,,,9,0,1,https://yt3.ggpht.com/QcBv_b__eU9T1d3JX-mlVXKDmv-IVeAdSqvibvB0gpuau45R5NuUGrtyhjVtnk8UlX7kshr7_VM=s800-c-k-c0x00ffffff-no-rj,,
